modeldate,subgroup,approve_estimate,approve_hi,approve_lo,disapprove_estimate,disapprove_hi,disapprove_lo,timestamp,,,,,,
3/2/2020,Voters,43.730251,48.279658,39.180844,52.792261,57.449538,48.134984,3/2/2020 13:42,47.938997,51.876994,44.000999,41.219459,45.238133,37.200786
3/1/2020,Adults,41.470269,45.285696,37.654842,53.507357,57.950925,49.06379,3/2/2020 13:41,47.77639,51.643028,43.909752,41.252616,45.266021,37.239211
2/29/2020,All polls,43.17839,47.885063,38.471717,52.679613,57.226228,48.132998,3/2/2020 13:40,47.771533,51.641286,43.901779,41.252905,45.270532,37.235279
2/28/2020,Adults,41.424187,45.242707,37.605668,53.557556,58.005168,49.109945,3/2/2020 9:45,47.766774,51.639791,43.893757,41.252726,45.273897,37.231556
2/27/2020,Voters,44.032557,48.636477,39.428638,52.464612,57.121457,47.807766,3/2/2020 9:48,47.761715,51.638253,43.885176,41.252794,45.278213,37.227375
2/26/2020,All polls,43.324429,48.082603,38.566254,52.427441,56.952725,47.902157,3/2/2020 9:43,47.756064,51.636728,43.875399,41.252823,45.283207,37.222438
2/25/2020,Voters,44.032557,48.636479,39.428635,52.464612,57.121458,47.807765,2/29/2020 16:51,47.752032,51.633778,43.870285,41.279978,45.311899,37.248058
2/24/2020,Adults,41.424187,45.242707,37.605668,53.557556,58.005184,49.109929,2/29/2020 16:50,47.746851,51.632379,43.861323,41.278723,45.315205,37.242242
2/23/2020,All polls,43.324429,48.082606,38.566251,52.427441,56.952727,47.902156,2/29/2020 16:49,47.755598,51.620976,43.89022,41.288806,45.297652,37.27996
2/22/2020,Adults,41.526025,45.336391,37.71566,53.488407,57.913021,49.063794,2/28/2020 18:07,47.749935,51.619089,43.880781,41.287654,45.300585,37.274724
2/21/2020,Voters,44.17519,48.787708,39.562673,52.292412,56.96039,47.624434,2/28/2020 18:08,47.743357,51.615931,43.870783,41.285857,45.30268,37.269033
2/20/2020,All polls,43.452523,48.17846,38.726587,52.330694,56.886493,47.774895,2/28/2020 18:06,47.73635,51.612026,43.860674,41.283519,45.303892,37.263147
2/19/2020,Voters,44.094298,48.913509,39.275088,51.985257,56.877478,47.093037,2/27/2020 23:55,47.730434,51.609624,43.851245,41.280473,45.304865,37.256082
2/18/2020,Adults,41.526025,45.336395,37.715656,53.488407,57.913033,49.063782,2/27/2020 23:54,47.342274,51.383351,43.301197,41.786666,45.989853,37.583479
2/17/2020,All polls,43.39028,48.271116,38.509444,52.068106,56.804065,47.332148,2/27/2020 23:53,47.340384,51.383262,43.297505,41.776139,45.981209,37.571069
2/16/2020,Voters,44.015076,48.790769,39.239383,52.071253,56.970195,47.172311,2/26/2020 15:47,47.338836,51.383537,43.294135,41.765729,45.973187,37.558271
2/15/2020,Adults,41.526025,45.336363,37.715688,53.488407,57.913017,49.063798,2/26/2020 15:46,47.337366,51.383676,43.291056,41.754037,45.963994,37.544079
2/14/2020,All polls,43.242829,48.079469,38.406189,52.191632,56.931948,47.451317,2/26/2020 15:45,47.335982,51.384154,43.28781,41.741848,45.954314,37.529383
2/13/2020,Voters,44.219495,49.001005,39.437985,51.813526,56.704733,46.922319,2/25/2020 13:39,47.334446,51.384284,43.284607,41.730598,45.945268,37.515928
2/12/2020,Adults,41.436174,45.300283,37.572065,53.655948,58.133577,49.178318,2/25/2020 13:38,47.304918,51.424986,43.18485,41.674636,45.85587,37.493402
2/11/2020,All polls,43.27698,48.091026,38.462934,52.2268,56.994771,47.45883,2/25/2020 13:37,47.279577,51.402951,43.156202,41.718016,45.902304,37.533728
2/10/2020,Adults,41.621152,45.515787,37.726516,53.405953,57.867042,48.944863,2/24/2020 23:39,47.246125,51.365693,43.126557,41.545854,45.725317,37.366391
2/9/2020,Voters,44.033721,48.69588,39.371561,52.019836,56.8605,47.179171,2/24/2020 23:40,47.245527,51.365585,43.125469,41.536892,45.719263,37.354521
2/8/2020,All polls,43.296293,47.980601,38.611984,52.245174,56.963821,47.526526,2/24/2020 23:38,47.24521,51.365822,43.124599,41.526627,45.711871,37.341384
2/7/2020,Adults,41.621266,45.51568,37.726852,53.405936,57.866666,48.945206,2/24/2020 9:46,47.244458,51.366088,43.122828,41.51891,45.707207,37.330612
2/6/2020,Voters,44.09074,48.68922,39.49226,51.927147,56.705214,47.14908,2/24/2020 9:50,47.243791,51.366188,43.121395,41.510539,45.701684,37.319394
2/5/2020,All polls,43.309826,47.930462,38.689191,52.185511,56.815145,47.555878,2/24/2020 9:42,47.243311,51.366542,43.120081,41.499662,45.693854,37.305471
2/4/2020,All polls,43.309826,47.930467,38.689186,52.185511,56.815144,47.555879,2/24/2020 9:44,47.205836,51.300839,43.110833,41.494024,45.655749,37.332299
2/3/2020,Voters,44.09074,48.689218,39.492262,51.927147,56.705214,47.14908,2/24/2020 9:51,47.205862,51.301109,43.110616,41.483297,45.647295,37.319299
2/2/2020,Adults,41.621266,45.515687,37.726845,53.405936,57.866668,48.945204,2/24/2020 9:47,47.206118,51.301273,43.110962,41.472159,45.638383,37.305935
2/1/2020,Voters,44.09074,48.689221,39.492259,51.927147,56.705214,47.149079,2/21/2020 14:04,46.92366,51.08757,42.759749,41.270509,45.483142,37.057875
1/31/2020,Adults,41.621266,45.515693,37.726839,53.405936,57.866675,48.945198,2/21/2020 14:03,46.930016,51.088156,42.771875,41.250409,45.461341,37.039477
1/30/2020,All polls,43.309826,47.930468,38.689185,52.185511,56.815143,47.55588,2/21/2020 14:02,46.93622,51.094005,42.778436,41.242109,45.455467,37.02875
1/29/2020,Voters,45.210504,49.124259,41.29675,50.713952,54.926508,46.501396,2/20/2020 18:07,46.940937,51.098947,42.782926,41.2351,45.45237,37.017831
1/28/2020,Adults,42.453035,46.121637,38.784433,52.483543,56.36999,48.597096,2/20/2020 18:06,46.872377,51.032845,42.711909,41.359235,45.574863,37.143606
1/27/2020,All polls,43.98954,48.354699,39.624381,51.463092,55.669786,47.256398,2/20/2020 18:05,46.711613,50.902028,42.521199,41.328872,45.534593,37.12315
1/26/2020,Voters,45.79354,49.831526,41.755554,50.131318,54.510723,45.751913,2/19/2020 22:41,46.720405,50.90928,42.53153,41.31942,45.528076,37.110764
1/25/2020,Adults,42.397958,45.584779,39.211136,52.329106,55.86276,48.795451,2/19/2020 22:40,46.730554,50.918235,42.542874,41.308893,45.520337,37.097448
1/24/2020,All polls,44.337416,48.865437,39.809394,50.975117,55.256465,46.693769,2/19/2020 22:39,46.738182,50.925863,42.550501,41.300254,45.51473,37.085777
1/23/2020,Voters,45.648356,49.903004,41.393709,50.012939,54.75014,45.275738,2/18/2020 23:34,46.745845,50.93324,42.558451,41.291846,45.509707,37.073984
1/22/2020,Adults,42.353427,46.120215,38.58664,52.498854,56.5582,48.439508,2/18/2020 23:33,46.755367,50.944297,42.566438,41.282842,45.50505,37.060634
1/21/2020,All polls,44.570087,49.176058,39.964116,50.954282,55.515496,46.393068,2/18/2020 23:32,46.939349,51.069797,42.8089,41.155448,45.303277,37.00762
1/20/2020,Voters,44.682075,49.12677,40.237379,51.658793,55.752224,47.565362,2/17/2020 15:09,46.942617,51.073035,42.8122,41.150057,45.300597,36.999517
1/19/2020,Adults,42.353427,46.12021,38.586645,52.498854,56.558202,48.439506,2/17/2020 15:08,46.947963,51.078311,42.817615,41.142957,45.297441,36.988474
1/18/2020,All polls,43.856667,48.611809,39.101525,51.93552,55.910576,47.960465,2/17/2020 15:07,46.951337,51.081923,42.820751,41.137882,45.296759,36.979006
1/17/2020,All polls,43.441661,47.940296,38.943027,52.239039,56.087923,48.390155,2/16/2020 13:27,46.956043,51.087679,42.824407,41.132387,45.294843,36.969931
1/16/2020,Voters,44.050822,48.290183,39.81146,52.114048,56.023859,48.204236,2/16/2020 13:32,46.960657,51.093513,42.827801,41.125978,45.291948,36.960009
1/15/2020,Adults,42.316982,46.064133,38.569832,52.473988,56.479756,48.468219,2/16/2020 13:30,46.965933,51.10163,42.830237,41.121264,45.291237,36.95129
1/14/2020,Adults,42.316982,46.064141,38.569824,52.473988,56.479786,48.46819,2/16/2020 13:31,47.536092,51.52868,43.543503,40.903461,45.081777,36.725145
1/13/2020,All polls,43.314642,47.816147,38.813138,52.1884,56.049766,48.327035,2/16/2020 13:29,47.531594,51.526255,43.536932,40.900834,45.081709,36.719959
1/12/2020,Voters,43.980874,48.227616,39.734132,52.153646,56.074478,48.232815,2/16/2020 13:33,47.526849,51.524642,43.529055,40.898226,45.082027,36.714424
1/11/2020,Voters,43.980874,48.227616,39.734132,52.153646,56.074479,48.232814,2/14/2020 9:43,47.522499,51.525019,43.51998,40.896185,45.08318,36.709191
1/10/2020,Adults,42.316982,46.064123,38.569842,52.473988,56.479763,48.468213,2/14/2020 9:42,47.51768,51.525255,43.510105,40.894087,45.08368,36.704495
1/9/2020,All polls,43.314642,47.816153,38.813131,52.1884,56.049769,48.327031,2/14/2020 9:41,47.513029,51.52607,43.499988,40.89229,45.084967,36.699612
1/8/2020,Voters,44.016157,48.288334,39.74398,52.204223,56.117718,48.290728,2/13/2020 16:57,47.508239,51.527318,43.48916,40.890215,45.08679,36.693641
1/7/2020,Adults,42.316982,46.064136,38.569829,52.473988,56.479769,48.468207,2/13/2020 16:56,47.505615,51.463536,43.547694,40.902419,45.04716,36.757678
1/6/2020,All polls,43.341663,47.860409,38.822916,52.215621,56.07534,48.355903,2/13/2020 16:55,47.50122,51.462112,43.540328,40.90018,45.047087,36.753272
1/5/2020,Adults,42.316982,46.064145,38.56982,52.473988,56.479772,48.468204,2/12/2020 17:15,47.496507,51.462009,43.531005,40.898045,45.0476,36.74849
1/4/2020,Voters,44.320303,48.523246,40.117359,51.789249,55.723782,47.854715,2/12/2020 17:16,47.49157,51.461741,43.521399,40.89612,45.047949,36.744291
1/3/2020,All polls,43.462463,47.9456,38.979327,51.971277,55.85967,48.082885,2/12/2020 17:14,47.486966,51.461663,43.51227,40.893956,45.048555,36.739356
1/2/2020,Voters,44.241162,48.456321,40.026003,51.938022,55.868914,48.00713,2/11/2020 23:04,47.482099,51.460642,43.503555,40.891777,45.049176,36.734378
1/1/2020,Adults,42.569932,46.334077,38.805788,52.389968,56.46144,48.318496,2/11/2020 23:03,47.477053,51.460513,43.493592,40.889573,45.050579,36.728568
12/31/2019,All polls,43.624559,47.988089,39.261029,51.97237,55.848387,48.096353,2/11/2020 23:02,47.38635,51.284956,43.487744,40.901499,45.015101,36.787898
12/30/2019,Adults,42.738857,46.485378,38.992335,52.258416,56.346694,48.170138,2/10/2020 15:27,47.382277,51.284524,43.48003,40.899572,45.01456,36.784584
12/29/2019,Voters,44.475435,48.707612,40.243258,51.739699,55.688429,47.79097,2/10/2020 15:28,47.378832,51.285984,43.47168,40.89774,45.015093,36.780386
12/28/2019,All polls,43.799778,48.163578,39.435978,51.836955,55.741983,47.931927,2/10/2020 15:26,47.375353,51.286676,43.464029,40.895744,45.015607,36.77588
12/27/2019,Voters,44.315428,48.817175,39.81368,51.771871,56.008597,47.535146,2/10/2020 9:43,47.371142,51.286575,43.45571,40.893882,45.016469,36.771294
12/26/2019,All polls,43.835029,48.394993,39.275065,51.733375,55.820556,47.646195,2/10/2020 9:36,47.368513,51.287974,43.449052,40.893228,45.01822,36.768236
12/25/2019,Adults,42.908631,46.807686,39.009576,52.066139,56.27705,47.855228,2/10/2020 9:40,47.365276,51.289223,43.44133,40.892501,45.020275,36.764727
12/24/2019,Adults,42.908631,46.807667,39.009594,52.066139,56.277043,47.855235,2/10/2020 9:41,47.394156,51.272564,43.515747,40.862741,44.9496,36.775883
12/23/2019,All polls,43.835029,48.39499,39.275068,51.733375,55.820559,47.646191,2/10/2020 9:38,47.389901,51.271601,43.508201,40.861068,44.949983,36.772152
12/22/2019,Voters,44.315428,48.817176,39.81368,51.771871,56.008597,47.535146,2/10/2020 9:45,47.375508,51.305279,43.445737,40.719407,44.748221,36.690593
12/21/2019,Adults,42.908619,46.807619,39.00962,52.06628,56.27721,47.855349,2/7/2020 13:08,47.370036,51.303752,43.436319,40.720024,44.752735,36.687313
12/20/2019,Voters,44.315394,48.817107,39.813681,51.772042,56.00874,47.535345,2/7/2020 13:09,47.365598,51.302532,43.428665,40.720003,44.755973,36.684034
12/19/2019,All polls,43.835004,48.394932,39.275076,51.733498,55.820694,47.646301,2/7/2020 13:07,47.360123,51.30075,43.419497,40.719785,44.759619,36.679951
12/18/2019,Voters,44.143581,48.562612,39.72455,52.065025,56.301704,47.828346,2/6/2020 18:25,47.353693,51.297753,43.409633,40.718726,44.762362,36.67509
12/17/2019,Adults,42.999762,46.931169,39.068356,51.983416,56.228826,47.738007,2/6/2020 18:24,47.174683,51.097723,43.251643,40.582038,44.633202,36.530874
12/16/2019,All polls,43.874323,48.329297,39.419349,51.807388,55.90759,47.707185,2/6/2020 18:23,47.172545,51.098388,43.246702,40.584695,44.638522,36.530867
12/15/2019,Adults,42.521909,46.422501,38.621316,52.336885,56.667561,48.006209,2/5/2020 13:48,47.170498,51.099585,43.241411,40.587062,44.644113,36.530011
12/14/2019,Voters,43.785319,48.013639,39.556999,52.297462,56.441554,48.15337,2/5/2020 13:49,47.168244,51.100316,43.236172,40.589284,44.649348,36.52922
12/13/2019,All polls,43.400478,47.732434,39.068522,52.142364,56.235201,48.049528,2/5/2020 13:47,47.165856,51.100591,43.231122,40.591344,44.654254,36.528434
12/12/2019,Adults,42.562989,46.550935,38.575043,52.257319,56.608886,47.905751,2/4/2020 15:54,47.164001,51.10129,43.226712,40.593352,44.659167,36.527537
12/11/2019,Voters,44.067537,48.290495,39.84458,52.228955,56.358126,48.099783,2/4/2020 15:55,47.179011,51.192064,43.165959,40.741191,44.875689,36.606693
12/10/2019,All polls,43.513849,47.85891,39.168787,52.13905,56.231968,48.046131,2/4/2020 15:53,47.152645,51.120221,43.185069,40.748641,44.842073,36.655209
12/9/2019,Voters,44.076662,48.29897,39.854354,52.194396,56.350133,48.038659,2/3/2020 17:15,47.150599,51.120017,43.181181,40.74926,44.844785,36.653736
12/8/2019,Adults,42.180371,45.83023,38.530512,52.525175,56.910857,48.139493,2/3/2020 17:14,46.799177,50.710987,42.887367,41.106265,45.257995,36.954535
12/7/2019,All polls,43.376899,47.653,39.100798,52.214689,56.352015,48.077363,2/3/2020 17:13,46.799297,50.714372,42.884222,41.10377,45.258511,36.94903
12/6/2019,Voters,44.322535,48.716976,39.928095,51.896759,56.167627,47.625891,2/2/2020 9:12,46.799356,50.717131,42.881581,41.101034,45.258571,36.943498
12/5/2019,Adults,42.378287,45.957924,38.79865,52.30828,56.659927,47.956633,2/2/2020 9:11,46.799156,50.721918,42.876394,41.09757,45.260311,36.934829
12/4/2019,All polls,43.636141,47.989298,39.282984,51.889993,56.11656,47.663426,2/2/2020 9:10,46.79859,50.727495,42.869686,41.094136,45.263245,36.925026
12/3/2019,Voters,44.233143,48.752544,39.713742,52.02111,56.414739,47.627481,2/1/2020 8:21,46.807752,50.690622,42.924883,41.067988,45.19,36.945976
12/2/2019,Adults,42.378287,45.957929,38.798646,52.30828,56.659947,47.956612,2/1/2020 8:20,46.661206,50.542288,42.780125,41.003698,45.170517,36.836879
12/1/2019,All polls,43.406713,47.790994,39.022432,51.959784,56.263716,47.655851,2/1/2020 8:19,46.662065,50.546782,42.777349,41.00217,45.171766,36.832575
11/30/2019,Adults,42.378287,45.957935,38.79864,52.30828,56.659948,47.956612,1/31/2020 16:37,46.662414,50.550974,42.773855,40.999649,45.172942,36.826357
11/29/2019,Voters,44.343219,48.887607,39.798832,51.875146,56.290198,47.460093,1/31/2020 16:38,46.662202,50.556436,42.767969,40.996822,45.175282,36.818362
11/28/2019,All polls,43.426452,47.805347,39.047557,51.904613,56.212673,47.596553,1/31/2020 16:36,46.661553,50.561512,42.761593,40.99381,45.177652,36.809967
11/27/2019,Adults,41.221578,44.92154,37.521615,53.762664,58.245309,49.280019,1/30/2020 19:17,46.660563,50.566851,42.754276,40.989777,45.179137,36.800417
11/26/2019,Voters,44.26148,48.68573,39.837229,51.964505,56.322115,47.606895,1/30/2020 19:18,46.66964,50.574047,42.765233,40.961857,45.148515,36.775199
11/25/2019,All polls,42.830283,47.339159,38.321408,52.758718,57.20442,48.313016,1/30/2020 19:16,46.775163,50.690178,42.860149,41.056558,45.225259,36.887857
11/24/2019,Voters,44.330772,48.694143,39.9674,51.885109,56.175978,47.594239,1/29/2020 9:46,46.773515,50.693115,42.853914,41.051889,45.224853,36.878926
11/23/2019,Adults,41.365332,45.149495,37.581168,53.442971,58.059177,48.826766,1/29/2020 9:45,46.771565,50.696562,42.846568,41.047154,45.22501,36.869297
11/22/2019,All polls,42.95131,47.416312,38.486308,52.60528,57.042581,48.167979,1/29/2020 9:44,46.769813,50.699452,42.840174,41.042789,45.225363,36.860214
11/21/2019,All polls,43.193389,47.512331,38.874447,52.515747,56.937673,48.093821,1/28/2020 22:21,46.766818,50.701685,42.831951,41.037305,45.225489,36.849121
11/20/2019,Adults,41.620321,45.32887,37.911773,53.447527,58.038488,48.856566,1/28/2020 22:22,46.763548,50.703753,42.823344,41.031253,45.225257,36.837249
11/19/2019,Voters,44.760909,49.032581,40.489237,51.559897,55.809412,47.310382,1/28/2020 22:24,46.816007,50.730362,42.901652,41.074449,45.232797,36.916101
11/18/2019,Voters,44.87548,49.333562,40.417397,51.692546,56.179202,47.20589,1/27/2020 18:59,46.802471,50.85074,42.754202,41.09013,45.368609,36.81165
11/17/2019,Adults,41.599768,45.305349,37.894186,53.470903,58.056539,48.885266,1/27/2020 18:58,46.798455,50.851319,42.745592,41.082441,45.36528,36.799603
11/16/2019,All polls,42.890308,47.422836,38.357779,52.86921,57.484285,48.254136,1/27/2020 18:57,46.795158,50.851614,42.738701,41.075547,45.362315,36.788779
11/15/2019,Adults,41.860138,45.641806,38.07847,53.263666,57.89512,48.632213,1/26/2020 13:03,46.791601,50.85137,42.731832,41.068123,45.35887,36.777375
11/14/2019,Voters,44.825867,49.220424,40.431309,51.755869,56.242802,47.268935,1/26/2020 13:04,46.788141,50.851371,42.724911,41.060438,45.355069,36.765806
11/13/2019,All polls,43.074199,47.555072,38.593326,52.767053,57.3982,48.135905,1/26/2020 13:02,46.784691,50.854071,42.715311,41.053626,45.355271,36.75198
11/12/2019,Adults,41.824998,45.587168,38.062829,53.240979,57.84869,48.633267,1/26/2020 9:18,46.72663,50.772144,42.681117,41.0655,45.365425,36.765576
11/11/2019,Voters,44.827291,49.360122,40.294459,51.485976,56.069784,46.902168,1/26/2020 9:20,46.729851,50.749463,42.71024,41.10669,45.363666,36.849715
11/10/2019,All polls,43.016357,47.569099,38.463615,52.584269,57.312293,47.856246,1/26/2020 9:16,46.728284,50.75164,42.704928,41.099199,45.360369,36.838029
11/9/2019,Voters,44.827291,49.360123,40.294458,51.485976,56.069784,46.902167,1/24/2020 23:55,46.725737,50.752633,42.698841,41.089407,45.35455,36.824265
11/8/2019,Adults,41.824998,45.587167,38.06283,53.240979,57.848707,48.63325,1/24/2020 23:54,46.722829,50.753812,42.691846,41.081455,45.351675,36.811235
11/7/2019,All polls,43.016357,47.569111,38.463603,52.584269,57.312294,47.856245,1/24/2020 23:53,46.697248,50.804692,42.589803,41.295563,45.613641,36.977484
11/6/2019,Voters,43.952599,48.493761,39.411437,52.281616,56.922072,47.64116,1/23/2020 21:12,46.693927,50.807145,42.58071,41.285764,45.611061,36.960467
11/5/2019,Adults,41.050393,44.715936,37.38485,54.390733,58.999391,49.782074,1/23/2020 21:11,46.704101,50.781762,42.62644,41.262725,45.547629,36.977821
11/4/2019,All polls,42.635503,47.246317,38.024689,53.244073,58.049293,48.438854,1/23/2020 21:10,46.672362,50.700667,42.644057,41.041145,45.328741,36.75355
11/3/2019,Voters,42.908049,47.325412,38.490686,53.233921,57.460852,49.00699,1/22/2020 18:13,46.668787,50.701459,42.636116,41.033188,45.325956,36.74042
11/2/2019,Adults,41.008391,44.664998,37.351784,54.43823,59.012042,49.864417,1/22/2020 18:12,46.397097,50.414001,42.380192,40.927774,45.27898,36.576568
11/1/2019,All polls,41.909656,46.225103,37.59421,53.927913,58.304978,49.550849,1/22/2020 18:11,46.396053,50.418329,42.373778,40.92072,45.277788,36.563652
10/31/2019,Adults,41.171095,45.025221,37.31697,54.15958,58.436476,49.882684,1/21/2020 23:18,46.394853,50.422504,42.367201,40.913607,45.276131,36.551082
10/30/2019,Voters,42.893962,47.344404,38.44352,53.216538,57.44257,48.990507,1/21/2020 23:19,46.39398,50.427801,42.360159,40.905767,45.274424,36.537111
10/29/2019,All polls,42.222053,46.722197,37.721908,53.522698,57.514099,49.531297,1/21/2020 23:17,46.648645,50.772861,42.524429,40.409524,44.645798,36.17325
10/28/2019,Adults,41.591385,45.092224,38.090545,53.454896,57.089506,49.820287,1/20/2020 16:14,46.64684,50.773727,42.519954,40.405547,44.646929,36.164165
10/27/2019,Voters,43.86012,47.959696,39.760543,52.139452,55.843114,48.435791,1/20/2020 16:15,46.644677,50.776737,42.512617,40.401616,44.65099,36.152241
10/26/2019,All polls,42.713089,47.100315,38.325864,52.823916,56.34354,49.304291,1/20/2020 16:13,46.642448,50.77924,42.505657,40.397534,44.654444,36.140625
10/25/2019,All polls,42.33786,46.987368,37.688353,52.985788,56.704971,49.266606,1/20/2020 6:58,46.6404,50.78147,42.49934,40.39457,44.65897,36.13017
10/24/2019,Voters,43.459467,47.733932,39.185002,52.611509,56.362032,48.860985,1/20/2020 7:05,46.64824,50.83326,42.46321,40.3376,44.57792,36.09727
10/23/2019,Adults,40.825079,44.190846,37.459311,53.895235,57.83716,49.953309,1/20/2020 7:02,46.64467,50.83505,42.45428,40.33887,44.58676,36.09099
10/22/2019,Voters,43.459467,47.733932,39.185003,52.611509,56.362032,48.860985,1/20/2020 7:06,46.61763,50.78591,42.44934,40.3301,44.55841,36.10179
10/21/2019,All polls,42.33786,46.987369,37.688351,52.985788,56.704977,49.2666,1/20/2020 7:00,46.61717,50.78851,42.44582,40.3403,44.56986,36.11074
10/20/2019,Adults,40.825079,44.190853,37.459305,53.895235,57.837134,49.953335,1/20/2020 7:03,46.61544,50.79018,42.44071,40.33772,44.57553,36.0999
10/19/2019,Voters,43.459467,47.733932,39.185003,52.611509,56.362032,48.860985,1/17/2020 11:16,46.61404,50.79313,42.43496,40.33614,44.58315,36.08914
10/18/2019,Adults,40.825079,44.190863,37.459295,53.895235,57.837147,49.953323,1/17/2020 11:14,46.6241,50.79133,42.45686,40.32357,44.57166,36.07549
10/17/2019,All polls,42.33786,46.987362,37.688358,52.985788,56.704978,49.266599,1/17/2020 11:14,46.62327,50.78565,42.46089,40.31409,44.56297,36.0652
10/16/2019,Voters,43.60321,47.931353,39.275066,52.372832,56.211309,48.534355,1/16/2020 16:47,46.63026,50.78395,42.47658,40.30826,44.55732,36.05921
10/15/2019,Adults,40.850083,44.18826,37.511907,53.846841,57.775522,49.91816,1/16/2020 16:45,46.55759,50.69633,42.41885,40.34586,44.60712,36.08461
10/14/2019,All polls,42.42082,47.07785,37.76379,52.866008,56.703979,49.028037,1/16/2020 16:45,46.16936,50.36176,41.97697,39.9946,44.28389,35.70531
10/13/2019,Voters,43.199324,47.387286,39.011363,52.646051,56.29244,48.999662,1/15/2020 15:01,46.1465,50.34454,41.94846,40.08598,44.33111,35.84084
10/12/2019,Adults,40.882533,44.222556,37.54251,53.823655,57.747756,49.899554,1/15/2020 14:59,46.14955,50.35238,41.94672,40.08556,44.33942,35.8317
10/11/2019,All polls,42.15023,46.636292,37.664168,53.026897,56.727257,49.326536,1/15/2020 14:59,46.15236,50.36126,41.94345,40.08596,44.34889,35.82302
10/10/2019,Voters,43.465981,47.800282,39.131681,52.381235,56.184479,48.57799,1/14/2020 12:16,46.15164,50.35744,41.94584,40.08614,44.34466,35.82762
10/9/2019,Adults,41.013822,44.480936,37.546708,53.657616,57.557885,49.757346,1/14/2020 12:14,46.84031,51.16859,42.51204,40.18811,44.7089,35.66732
10/8/2019,All polls,42.304678,46.843252,37.766104,52.792534,56.376478,49.208589,1/14/2020 12:14,46.91247,51.26868,42.55626,40.03913,44.55721,35.52105
10/7/2019,Adults,41.034345,44.479735,37.588955,53.614264,57.513643,49.714885,1/13/2020 16:56,46.89501,51.22849,42.56153,40.04539,44.52694,35.56384
10/6/2019,Voters,43.423036,47.635135,39.210938,52.363178,56.150609,48.575746,1/13/2020 16:57,46.89267,51.23162,42.55373,40.04708,44.5363,35.55785
10/5/2019,All polls,42.296096,46.689285,37.902907,52.761621,56.336262,49.18698,1/13/2020 16:55,46.88932,51.23374,42.54489,40.04895,44.54684,35.55106
10/4/2019,Adults,40.571997,43.919151,37.224843,54.203202,58.291716,50.114688,1/13/2020 10:12,46.91763,51.24057,42.5947,40.02098,44.52187,35.52008
10/3/2019,Voters,42.874007,47.361895,38.386119,53.024374,56.953135,49.095613,1/13/2020 10:16,46.90491,51.22741,42.5824,40.00826,44.50834,35.50818
10/2/2019,All polls,41.788103,46.78655,36.789656,53.453778,57.398717,49.508839,1/13/2020 10:09,46.91618,51.22478,42.60757,40.01859,44.50917,35.52801
10/1/2019,Adults,40.571997,43.919162,37.224833,54.203202,58.291722,50.114682,1/13/2020 10:13,46.79657,51.1877,42.40545,39.89654,44.46478,35.3283
9/30/2019,All polls,41.788103,46.786543,36.789663,53.453778,57.398714,49.508842,1/13/2020 10:11,46.79758,51.1695,42.42567,39.88017,44.43277,35.32756
9/29/2019,Voters,42.874007,47.361895,38.386118,53.024374,56.953136,49.095612,1/13/2020 10:17,46.79544,51.17237,42.4185,39.88213,44.44373,35.32054
9/28/2019,Voters,42.874007,47.361895,38.386118,53.024374,56.953136,49.095612,1/10/2020 20:25,46.79355,51.17372,42.41339,39.88371,44.45168,35.31574
9/27/2019,Adults,40.571997,43.919169,37.224826,54.203202,58.291738,50.114666,1/10/2020 20:24,46.79586,51.18,42.41173,39.88061,44.45765,35.30358
9/26/2019,All polls,41.788103,46.786543,36.789663,53.453778,57.398713,49.508842,1/10/2020 20:23,46.78446,51.25709,42.31182,40.02592,44.69654,35.35531
9/25/2019,Voters,42.830361,47.308695,38.352027,53.062583,56.994551,49.130615,1/9/2020 19:34,46.79462,51.25529,42.33395,40.01021,44.67851,35.34192
9/24/2019,Adults,40.669623,44.084196,37.255049,54.091122,58.136734,50.045511,1/9/2020 19:33,46.81752,51.30174,42.33329,40.0184,44.71062,35.32618
9/23/2019,All polls,41.876866,46.849344,36.904388,53.3936,57.32164,49.46556,1/9/2020 19:32,46.8068,51.26634,42.34726,40.01696,44.67719,35.35673
9/22/2019,Voters,42.731808,47.11577,38.347845,53.184104,57.051947,49.316261,1/8/2020 18:45,46.8039,51.26691,42.34089,40.01768,44.68391,35.35144
9/21/2019,Adults,40.718772,44.102019,37.335526,54.024778,58.074879,49.974676,1/8/2020 18:43,46.80098,51.26773,42.33422,40.01879,44.69142,35.34616
9/20/2019,All polls,41.864635,46.660242,37.069029,53.403808,57.300589,49.507027,1/8/2020 18:43,46.80334,51.26412,42.34256,39.99981,44.67303,35.3266
9/19/2019,Voters,42.948346,47.648753,38.247939,53.066605,57.257004,48.876206,1/7/2020 22:52,46.78735,51.24686,42.32784,40.00001,44.66711,35.33292
9/18/2019,Adults,40.752624,44.107259,37.39799,53.972635,58.037753,49.907517,1/7/2020 22:50,46.7856,51.23808,42.33311,40.00608,44.66587,35.34629
9/17/2019,All polls,41.986182,46.915423,37.056942,53.26422,57.274343,49.254096,1/7/2020 22:50,46.80581,51.28514,42.32647,40.00705,44.69074,35.32336
9/16/2019,Adults,41.166023,44.918482,37.413565,53.827337,58.361175,49.293499,1/6/2020 15:23,46.80737,51.27785,42.33688,40.00341,44.68178,35.32504
9/15/2019,Voters,43.461466,48.138875,38.784058,52.580852,56.72955,48.432154,1/6/2020 15:25,46.88963,51.37407,42.4052,40.01473,44.71236,35.3171
9/14/2019,All polls,42.426095,47.521447,37.330744,53.031727,57.113506,48.949948,1/6/2020 15:23,46.43975,50.96507,41.91443,39.82337,44.70257,34.94417
9/13/2019,All polls,42.495557,47.506826,37.484289,52.961453,57.101964,48.820942,1/6/2020 9:34,46.44053,50.95953,41.92153,39.77914,44.66338,34.89491
9/12/2019,Voters,43.630267,48.349141,38.911393,52.48222,56.668791,48.295649,1/6/2020 9:40,46.43738,50.94877,41.92599,39.77767,44.65457,34.90076
9/11/2019,Adults,41.151553,44.814254,37.488853,53.735925,58.165356,49.306495,1/6/2020 9:37,46.44944,51.02625,41.87263,39.74813,44.65877,34.83748
9/10/2019,All polls,42.495557,47.50682,37.484294,52.961453,57.101962,48.820944,1/6/2020 9:36,46.32343,50.8813,41.76555,39.82413,44.76095,34.88731
9/9/2019,Adults,41.151553,44.814265,37.488842,53.735925,58.165374,49.306477,1/6/2020 9:38,46.32858,50.85334,41.80381,39.81292,44.71899,34.90685
9/8/2019,Voters,43.630267,48.349141,38.911393,52.48222,56.668791,48.295649,1/6/2020 9:42,46.32648,50.85433,41.79864,39.81559,44.72642,34.90475
9/7/2019,Adults,41.151553,44.814267,37.488839,53.735925,58.165365,49.306486,1/3/2020 18:33,46.32433,50.8555,41.79316,39.81862,44.73435,34.90289
9/6/2019,Voters,43.630267,48.349141,38.911393,52.48222,56.668791,48.295649,1/3/2020 18:35,46.3258,50.85104,41.80056,39.82887,44.73573,34.92201
9/5/2019,All polls,42.495557,47.506826,37.484288,52.961453,57.101965,48.82094,1/3/2020 18:33,46.31952,50.83807,41.80096,39.84674,44.74091,34.95257
9/4/2019,Voters,43.439696,48.040604,38.838789,52.745274,57.066505,48.424044,1/2/2020 18:10,46.30021,50.81679,41.78362,39.84694,44.73462,34.95926
9/3/2019,Adults,41.143823,44.814702,37.472944,53.753895,58.227752,49.280038,1/2/2020 18:08,46.36684,50.91931,41.81437,39.71645,44.62251,34.81038
9/2/2019,All polls,42.41009,47.189558,37.630621,53.082239,57.357163,48.807316,1/2/2020 18:08,46.39014,50.89521,41.88508,39.7198,44.58178,34.85783
9/1/2019,Voters,43.439696,48.040604,38.838789,52.745274,57.066505,48.424044,1/1/2020 9:15,46.38593,50.89455,41.8773,39.72641,44.59299,34.85982
8/31/2019,Adults,41.501866,45.277015,37.726716,53.287316,57.733896,48.840735,1/1/2020 9:13,46.38185,50.89474,41.86896,39.73233,44.60546,34.85921
8/30/2019,All polls,42.612555,47.404051,37.821059,52.87366,57.09332,48.654001,1/1/2020 9:13,46.3774,50.89615,41.85866,39.73793,44.61871,34.85715
8/29/2019,Voters,43.433428,48.04205,38.824805,52.754957,57.078497,48.431417,12/31/2019 14:42,46.37306,50.88554,41.86059,39.72443,44.6037,34.84516
8/28/2019,Adults,41.502059,45.273203,37.730915,53.331658,57.70643,48.956886,12/31/2019 14:39,46.36831,50.87469,41.86192,39.72646,44.6007,34.85221
8/27/2019,All polls,42.616134,47.381963,37.850304,52.896474,57.074958,48.717989,12/31/2019 14:39,46.33921,50.84566,41.83276,39.8362,44.71917,34.95324
8/26/2019,Voters,43.295235,47.819538,38.770932,52.850635,57.131797,48.569473,12/30/2019 18:04,46.26386,50.81778,41.70993,39.83502,44.75277,34.91727
8/25/2019,Adults,41.532126,45.269698,37.794554,53.309184,57.670962,48.947405,12/30/2019 18:02,46.22643,50.7718,41.68106,39.8508,44.74462,34.95699
8/24/2019,All polls,42.551511,47.166724,37.936298,52.971721,57.141175,48.802266,12/30/2019 18:02,46.22306,50.77345,41.67267,39.8542,44.75478,34.95363
8/23/2019,All polls,42.605096,47.16311,38.047082,52.886218,57.083844,48.688591,12/29/2019 9:31,46.22149,50.76766,41.67532,39.85015,44.74799,34.95232
8/22/2019,Voters,43.334989,47.897653,38.772326,52.791836,57.103425,48.480246,12/29/2019 9:36,46.20727,50.75194,41.66261,39.852,44.7441,34.95989
8/21/2019,Adults,41.529158,45.147269,37.911048,53.254199,57.551803,48.956594,12/29/2019 9:33,46.209,50.74599,41.672,39.8539,44.74046,34.96733
8/20/2019,All polls,42.601538,47.101861,38.101216,52.88863,57.063705,48.713554,12/29/2019 9:33,46.24121,50.79167,41.69075,39.85416,44.76376,34.94456
8/19/2019,Adults,41.529158,45.147277,37.911039,53.254199,57.55182,48.956578,12/29/2019 9:34,46.22839,50.75634,41.70044,39.86655,44.74377,34.98933
8/18/2019,Voters,43.342017,47.854518,38.829516,52.785872,57.065397,48.506348,12/29/2019 9:37,46.12503,50.79589,41.45416,39.87093,44.9161,34.82577
8/17/2019,Voters,43.342017,47.854517,38.829516,52.785872,57.065396,48.506348,12/27/2019 9:38,46.12163,50.79664,41.44661,39.87407,44.9257,34.82244
8/16/2019,Adults,41.529158,45.147274,37.911042,53.254199,57.55179,48.956607,12/27/2019 9:36,46.1198,50.79103,41.44857,39.86878,44.91798,34.81958
8/15/2019,All polls,42.601538,47.101875,38.101202,52.88863,57.063705,48.713554,12/27/2019 9:36,46.13541,50.7937,41.47713,39.86505,44.90969,34.8204
8/14/2019,Adults,41.529158,45.147266,37.91105,53.254199,57.551796,48.956601,12/26/2019 14:54,46.14678,50.79469,41.49887,39.86102,44.90096,34.82108
8/13/2019,Voters,43.464971,47.961639,38.968303,52.704941,56.975836,48.434046,12/26/2019 14:56,46.09188,50.7454,41.43837,39.90766,44.97187,34.84344
8/12/2019,All polls,42.704489,47.182592,38.226386,52.805548,56.970334,48.640762,12/26/2019 14:54,46.18119,50.86322,41.49917,39.92356,45.02335,34.82378
8/11/2019,Adults,41.529158,45.14725,37.911067,53.254199,57.551797,48.9566,12/25/2019 9:17,46.14579,50.81846,41.47312,39.93604,45.01466,34.85741
8/10/2019,Voters,43.460102,47.957246,38.962958,52.69767,56.969066,48.426273,12/25/2019 9:19,46.1421,50.81876,41.46543,39.93864,45.0219,34.85537
8/9/2019,All polls,42.698724,47.176929,38.22052,52.80125,56.966324,48.636176,12/25/2019 9:17,46.13969,50.81293,41.46645,39.93319,45.01382,34.85256
8/8/2019,Voters,43.505776,47.963251,39.048302,52.677392,56.902712,48.452071,12/24/2019 9:49,46.14108,50.80613,41.47602,39.9154,44.994,34.8368
8/7/2019,Adults,41.562748,45.123825,38.001672,53.21824,57.48969,48.946791,12/24/2019 9:47,46.15625,50.80859,41.50392,39.91631,44.98871,34.84391
8/6/2019,All polls,42.733485,47.167839,38.299131,52.769061,56.903263,48.634858,12/24/2019 9:47,46.09579,50.75203,41.43954,40.00037,45.09214,34.90859
8/5/2019,Adults,41.562748,45.123815,38.001681,53.21824,57.489659,48.946821,12/23/2019 17:07,46.09354,50.74335,41.44373,40.00048,45.08597,34.91499
8/4/2019,Voters,43.481986,47.93681,39.027163,52.719654,56.954655,48.484653,12/23/2019 17:09,46.10696,50.73761,41.47632,39.99811,45.06829,34.92793
8/3/2019,All polls,42.73027,47.156413,38.304127,52.782378,56.924512,48.640244,12/23/2019 17:07,46.10425,50.74057,41.46793,40.00154,45.07655,34.92652
8/2/2019,Adults,42.154385,45.541417,38.767353,52.533356,56.598871,48.467841,12/23/2019 9:30,46.09782,50.72937,41.46626,40.00642,45.07424,34.9386
8/1/2019,Voters,44.393803,48.566746,40.220861,51.817597,55.921771,47.713423,12/23/2019 9:33,46.07744,50.70791,41.44698,40.02567,45.08215,34.96918
7/31/2019,All polls,43.284416,47.568704,39.000129,52.157102,56.269732,48.044472,12/23/2019 9:27,46.07468,50.69939,41.44997,40.02669,45.0774,34.97598
7/30/2019,All polls,43.284416,47.568706,39.000127,52.157102,56.269732,48.044472,12/23/2019 9:29,45.85197,50.52245,41.1815,40.26167,45.3907,35.13263
7/29/2019,Voters,44.393803,48.566746,40.220861,51.817597,55.921771,47.713423,12/23/2019 9:34,46.06879,50.70877,41.42881,40.1701,45.32003,35.02016
7/28/2019,Adults,42.154385,45.541417,38.767353,52.533356,56.598874,48.467838,12/23/2019 9:31,46.26608,51.01792,41.51424,39.83081,45.03923,34.62239
7/27/2019,Voters,44.393803,48.566746,40.220861,51.817597,55.921771,47.713423,12/20/2019 17:19,46.26342,51.01987,41.50697,39.83454,45.04768,34.6214
7/26/2019,Adults,42.154385,45.541428,38.767342,52.533356,56.598892,48.46782,12/20/2019 17:17,46.24271,51.00017,41.48524,39.85066,45.05715,34.64417
7/25/2019,All polls,43.284416,47.568703,39.00013,52.157102,56.269728,48.044476,12/20/2019 17:17,46.22474,50.97892,41.47056,39.84631,45.04634,34.64628
7/24/2019,Voters,44.591513,48.629105,40.553921,51.638629,55.619381,47.657876,12/19/2019 17:57,46.22941,50.97467,41.48415,39.84141,45.03569,34.64712
7/23/2019,Adults,42.171758,45.545944,38.797572,52.462082,56.03876,48.885404,12/19/2019 17:55,46.2438,51.00522,41.48238,39.78093,45.0089,34.55296
7/22/2019,All polls,43.354236,47.538308,39.170164,52.05592,55.836675,48.275165,12/19/2019 17:55,46.25478,50.98262,41.52694,39.77521,44.97434,34.57608
7/21/2019,Voters,44.589122,48.608515,40.56973,51.686727,55.664775,47.70868,12/18/2019 18:18,46.24804,50.96999,41.52608,39.77873,44.971,34.58646
7/20/2019,Adults,42.167197,45.556504,38.77789,52.623452,56.224082,49.022821,12/18/2019 18:16,46.24651,50.97242,41.5206,39.78404,44.97956,34.58852
7/19/2019,All polls,43.370585,47.535578,39.205591,52.179216,55.964561,48.393871,12/18/2019 18:16,46.24532,50.97541,41.51524,39.78997,44.9888,34.59115
7/18/2019,Voters,44.845494,48.933147,40.757841,51.48896,55.558779,47.419141,12/17/2019 21:17,46.22449,50.952,41.49697,39.79322,44.98505,34.60138
7/17/2019,Adults,42.30916,45.59632,39.022,52.799462,56.392378,49.206546,12/17/2019 21:15,46.20903,50.93372,41.48435,39.81065,44.99311,34.6282
7/16/2019,All polls,43.784341,47.987556,39.581127,52.040942,55.874576,48.207308,12/17/2019 21:15,46.21794,50.95608,41.4798,39.76233,44.97163,34.55303
7/15/2019,Voters,44.436099,48.558,40.314197,51.862087,55.75221,47.971964,12/16/2019 20:18,46.2505,50.99409,41.5069,39.91531,45.10061,34.73001
7/14/2019,Adults,41.621896,44.880913,38.362879,53.228121,56.973926,49.482317,12/16/2019 20:16,46.2486,50.99512,41.50208,39.92063,45.10835,34.73291
7/13/2019,All polls,43.197325,47.478554,38.916097,52.495921,56.242683,48.749158,12/16/2019 20:16,46.24681,50.99665,41.49697,39.92585,45.11617,34.73553
7/12/2019,Adults,40.528909,44.119664,36.938154,53.867039,58.286765,49.447314,12/15/2019 18:00,46.24743,50.99327,41.50159,39.92553,45.1118,34.73925
7/11/2019,Voters,44.128887,48.706231,39.551544,52.228644,56.519319,47.937969,12/15/2019 18:02,46.26704,50.9999,41.53419,39.93577,45.11338,34.75816
7/10/2019,All polls,42.720797,47.519533,37.922062,52.909852,57.053466,48.766239,12/15/2019 18:00,46.26678,50.99253,41.54103,39.94491,45.11423,34.77559
7/9/2019,Voters,43.054161,47.725792,38.382531,52.653766,57.154806,48.152726,12/14/2019 16:43,46.25336,50.99881,41.5079,40.09554,45.27317,34.9179
7/8/2019,Adults,40.528909,44.119652,36.938165,53.867039,58.28677,49.447309,12/14/2019 16:41,46.26737,50.98225,41.55249,40.09652,45.24896,34.94408
7/7/2019,All polls,41.848343,46.634225,37.062461,53.240319,57.58471,48.895928,12/14/2019 16:41,46.26543,50.98402,41.54683,40.1004,45.2545,34.9463
7/6/2019,Voters,43.093035,47.757751,38.42832,52.650159,57.141469,48.158849,12/13/2019 11:53,46.24971,50.94524,41.55418,40.10244,45.23222,34.97265
7/5/2019,Adults,40.54998,44.112545,36.987415,53.836946,58.258156,49.415737,12/13/2019 11:52,46.24624,50.94576,41.54672,40.10572,45.23747,34.97397
7/4/2019,All polls,41.869479,46.63166,37.107297,53.209045,57.546156,48.871933,12/13/2019 11:52,46.24249,50.94617,41.5388,40.10896,45.24229,34.97562
7/3/2019,Voters,43.089496,47.763311,38.415681,52.636876,57.104154,48.169598,12/12/2019 13:14,46.23845,50.94632,41.53058,40.11223,45.24718,34.97728
7/2/2019,Adults,40.544206,44.092754,36.995658,53.83368,58.241487,49.425872,12/12/2019 13:13,46.0797,50.79528,41.36413,40.19974,45.35701,35.04247
7/1/2019,All polls,41.856325,46.639799,37.072851,53.229744,57.502377,48.957112,12/12/2019 13:13,46.06042,50.78751,41.33332,40.30474,45.44962,35.15986
6/30/2019,Adults,40.542021,44.074496,37.009546,53.856836,58.236429,49.477244,12/11/2019 18:12,46.05925,50.76995,41.34855,40.31923,45.4441,35.19435
6/29/2019,Voters,43.134108,48.002838,38.265378,52.424121,57.067426,47.780816,12/11/2019 18:14,46.05848,50.77311,41.34385,40.31758,45.44431,35.19085
6/28/2019,All polls,41.848714,46.813619,36.883809,53.16214,57.568493,48.755786,12/11/2019 18:12,46.05723,50.76869,41.34577,40.31369,45.43526,35.19211
6/27/2019,Voters,43.40313,48.411684,38.394577,52.392756,56.748368,48.037145,12/10/2019 16:10,46.05645,50.76209,41.35081,40.3126,45.42752,35.19768
6/26/2019,Adults,40.009531,43.634503,36.38456,54.732548,59.137219,50.327876,12/10/2019 16:09,46.05516,50.75515,41.35517,40.31006,45.41801,35.20211
6/25/2019,All polls,41.683886,46.850083,36.51769,53.550838,57.91968,49.181995,12/10/2019 16:09,46.00704,50.805,41.20909,39.92038,45.00039,34.84036
6/24/2019,Adults,39.972315,43.661619,36.283012,54.69142,59.156244,50.226595,12/9/2019 18:29,46.01987,50.83928,41.20045,39.84026,44.94758,34.73295
6/23/2019,Voters,43.288615,48.633291,37.943939,52.288382,57.060486,47.516278,12/9/2019 18:30,46.03512,50.83317,41.23707,39.84153,44.93167,34.75139
6/22/2019,All polls,41.601551,47.207388,35.995713,53.474377,58.182241,48.766513,12/9/2019 18:29,46.03408,50.83483,41.23334,39.84573,44.93857,34.75288
6/21/2019,Voters,43.098758,48.471378,37.726138,52.473208,57.400396,47.546019,12/9/2019 9:41,46.04984,50.8428,41.25688,39.84185,44.9299,34.75379
6/20/2019,All polls,41.63626,47.108708,36.163811,53.398291,58.172576,48.624007,12/9/2019 9:34,46.04391,50.83138,41.25643,39.84422,44.92564,34.76279
6/19/2019,Adults,40.060856,43.656417,36.465294,54.59712,58.985392,50.208847,12/9/2019 9:38,46.01279,50.80075,41.22482,39.83319,44.91101,34.75536
6/18/2019,Adults,40.060856,43.656408,36.465304,54.59712,58.985391,50.208848,12/9/2019 9:39,46.08476,50.91589,41.25363,39.92918,45.0593,34.79907
6/17/2019,All polls,41.63626,47.108709,36.163811,53.398291,58.172576,48.624007,12/9/2019 9:36,46.11752,50.91557,41.31947,39.94883,45.04912,34.84854
6/16/2019,Voters,43.098758,48.471378,37.726138,52.473208,57.400396,47.546019,12/9/2019 9:42,46.11482,50.91499,41.31464,39.95296,45.05476,34.85115
6/15/2019,Adults,40.060856,43.656412,36.465299,54.59712,58.98539,50.208849,12/6/2019 16:48,46.11231,50.91471,41.30991,39.95706,45.06039,34.85372
6/14/2019,Voters,43.098758,48.471378,37.726138,52.473208,57.400396,47.546019,12/6/2019 16:50,46.09528,50.89749,41.29308,39.93633,45.03815,34.83451
6/13/2019,All polls,41.63626,47.108705,36.163814,53.398291,58.172574,48.624008,12/6/2019 16:48,46.10604,50.8991,41.31298,39.92536,45.0233,34.82741
6/12/2019,Voters,43.126379,48.450772,37.801986,52.4413,57.348146,47.534453,12/5/2019 15:44,46.0873,50.87768,41.29693,39.9311,45.02127,34.84093
6/11/2019,Adults,40.074008,43.665755,36.482261,54.565128,58.95632,50.173936,12/5/2019 15:42,45.88809,50.77367,41.00251,40.14495,45.26501,35.02489
6/10/2019,All polls,41.634298,47.059569,36.209027,53.385738,58.200026,48.57145,12/5/2019 15:42,45.89508,50.75416,41.03601,40.16044,45.25133,35.06956
6/9/2019,Voters,42.877311,47.830291,37.924331,52.700177,57.36151,48.038844,12/4/2019 19:04,45.88709,50.74939,41.02479,40.16163,45.25344,35.06982
6/8/2019,Adults,40.192389,43.826864,36.557915,54.496548,58.97274,50.020356,12/4/2019 19:03,45.88683,50.7508,41.02287,40.16334,45.25641,35.07027
6/7/2019,All polls,41.612091,46.630523,36.593659,53.460798,58.097221,48.824375,12/4/2019 19:03,45.90189,50.75822,41.04557,40.14252,45.23337,35.05168
6/6/2019,Voters,42.754576,47.670961,37.838191,52.896839,57.697295,48.096383,12/3/2019 14:22,45.89607,50.74657,41.04556,40.14805,45.23045,35.06564
6/5/2019,Adults,40.244571,43.905849,36.583293,54.627215,59.147913,50.106517,12/3/2019 14:21,45.8773,50.7244,41.03019,40.16652,45.23747,35.09558
6/4/2019,All polls,41.630844,46.467971,36.793718,53.524351,58.195152,48.85355,12/3/2019 14:20,46.13968,51.1207,41.15865,40.08778,45.25341,34.92216
6/3/2019,Adults,40.295641,44.016737,36.574546,54.503279,59.149017,49.857541,12/2/2019 21:08,46.13376,51.08899,41.17852,40.09133,45.22815,34.95451
6/2/2019,Voters,42.606101,47.385559,37.826644,53.144127,57.860474,48.42778,12/2/2019 21:09,46.10822,51.14426,41.07217,40.06861,45.27438,34.86283
6/1/2019,All polls,41.595865,46.318267,36.873464,53.591251,58.259745,48.922756,12/2/2019 21:07,46.10603,51.1425,41.06956,40.0698,45.27604,34.86355
5/31/2019,All polls,41.742442,46.369936,37.114949,53.48032,58.234861,48.725779,12/1/2019 21:34,46.10069,51.13232,41.06905,40.04514,45.24833,34.84195
5/30/2019,Voters,42.688961,47.514682,37.86324,52.948363,57.810334,48.086392,12/1/2019 21:39,46.11727,51.13606,41.09848,40.04374,45.23826,34.84922
5/29/2019,Adults,40.400857,44.065855,36.735859,54.428965,59.020361,49.837569,12/1/2019 21:37,46.11303,51.12376,41.1023,40.02679,45.21618,34.83739
5/28/2019,All polls,41.742442,46.36993,37.114954,53.48032,58.234862,48.725779,12/1/2019 21:36,45.38387,50.54089,40.22686,40.40746,45.74811,35.06682
5/27/2019,Adults,40.400857,44.065879,36.735835,54.428965,59.020371,49.837559,12/1/2019 21:38,45.40448,50.5519,40.25706,40.38145,45.71735,35.04555
5/26/2019,Voters,42.688961,47.514682,37.86324,52.948363,57.810334,48.086392,12/1/2019 21:40,45.40505,50.55338,40.25673,40.37756,45.71352,35.04161
5/25/2019,Voters,42.68882,47.514173,37.863467,52.948572,57.810203,48.086941,11/29/2019 9:05,45.40477,50.55437,40.25517,40.36996,45.70612,35.0338
5/24/2019,All polls,41.742605,46.369902,37.115308,53.480487,58.234718,48.726256,11/29/2019 9:01,45.40426,50.55487,40.25365,40.36407,45.70015,35.028
5/23/2019,Adults,40.401472,44.066515,36.736428,54.428485,59.019563,49.837406,11/29/2019 9:03,45.40347,50.54401,40.26292,40.3856,45.70657,35.06464
5/22/2019,Adults,40.408849,44.003045,36.814653,54.595,59.234658,49.955343,11/29/2019 9:04,45.40199,50.53205,40.27193,40.36238,45.67469,35.05006
5/21/2019,All polls,41.7553,46.419566,37.091034,53.579175,58.385642,48.772707,11/29/2019 9:02,45.38387,50.50629,40.26146,40.38334,45.68038,35.0863
5/20/2019,Voters,42.68882,47.514173,37.863467,52.948572,57.810203,48.086941,11/29/2019 9:06,45.40961,50.4956,40.32362,40.40054,45.66189,35.13918
5/19/2019,Voters,42.68882,47.514173,37.863467,52.948572,57.810203,48.086941,11/27/2019 18:39,45.40995,50.49613,40.32376,40.39439,45.6553,35.13349
5/18/2019,Adults,40.408849,44.003059,36.814639,54.595,59.234663,49.955337,11/27/2019 18:38,45.41078,50.49752,40.32403,40.39115,45.65195,35.13036
5/17/2019,All polls,41.7553,46.419577,37.091023,53.579175,58.385646,48.772703,11/27/2019 18:37,45.42756,50.50297,40.35215,40.36371,45.61765,35.10977
5/16/2019,Voters,42.613189,47.536734,37.689643,53.079696,58.04863,48.110762,11/26/2019 15:14,45.2653,50.39626,40.13435,39.61678,44.82152,34.41205
5/15/2019,Adults,40.416361,44.077293,36.755429,54.693738,59.421015,49.96646,11/26/2019 15:13,45.27053,50.38826,40.1528,39.60784,44.80063,34.41505
5/14/2019,All polls,41.740203,46.466913,37.013493,53.628032,58.496205,48.759859,11/26/2019 15:12,45.27612,50.38168,40.17056,39.57984,44.76405,34.39563
5/13/2019,Voters,42.79208,48.116551,37.467609,53.320564,59.005539,47.635588,11/25/2019 15:32,45.38092,50.48645,40.27539,39.65493,44.83528,34.47458
5/12/2019,Adults,40.214607,44.033441,36.395773,54.758157,59.85175,49.664565,11/25/2019 15:31,45.42901,50.50544,40.35258,39.65573,44.81231,34.49914
5/11/2019,All polls,41.725397,46.823871,36.626923,53.741902,59.156922,48.326883,11/25/2019 15:30,45.43221,50.5075,40.35693,39.66537,44.82117,34.50957
5/10/2019,All polls,41.891828,47.006722,36.776935,53.566859,58.954461,48.179257,11/25/2019 9:40,45.45971,50.52304,40.39637,39.66517,44.81018,34.52017
5/9/2019,Voters,43.032958,48.369853,37.696062,53.099428,58.765863,47.432993,11/25/2019 9:47,45.46174,50.51419,40.4093,39.66973,44.80332,34.53614
5/8/2019,Adults,40.22211,44.019033,36.425187,54.750549,59.798868,49.702231,11/25/2019 9:44,45.46373,50.50545,40.422,39.67448,44.79681,34.55214
5/7/2019,All polls,41.891828,47.006728,36.776929,53.566859,58.954463,48.179255,11/25/2019 9:42,45.4656,50.49689,40.4343,39.67912,44.79045,34.5678
5/6/2019,Adults,40.22211,44.019019,36.425202,54.750549,59.798881,49.702217,11/25/2019 9:45,45.4472,50.45234,40.44207,39.66858,44.74936,34.5878
5/5/2019,Voters,43.032958,48.369853,37.696062,53.099428,58.765863,47.432993,11/25/2019 9:48,45.45211,50.45632,40.44789,39.68107,44.76113,34.60101
5/4/2019,Voters,43.032958,48.369853,37.696062,53.099428,58.765863,47.432993,11/22/2019 20:45,45.45849,50.46135,40.45563,39.69585,44.77481,34.61689
5/3/2019,Adults,40.22211,44.019022,36.425199,54.750549,59.798872,49.702227,11/22/2019 20:44,45.48914,50.48181,40.49648,39.68132,44.75415,34.60849
5/2/2019,All polls,41.891828,47.006716,36.776941,53.566859,58.95446,48.179259,11/22/2019 20:43,45.51015,50.49373,40.52657,39.72509,44.7883,34.66188
5/1/2019,Adults,40.083582,43.792726,36.374437,54.852014,59.828719,49.875308,11/21/2019 12:26,45.52872,50.50356,40.55389,39.76313,44.8171,34.70916
4/30/2019,Voters,43.036843,48.331229,37.742458,53.14239,58.763529,47.521252,11/21/2019 12:27,45.54144,50.51705,40.56584,39.78912,44.84348,34.73476
4/29/2019,All polls,41.876382,46.955942,36.796822,53.617834,58.964318,48.271349,11/21/2019 12:25,45.50648,50.46784,40.54513,39.76272,44.78897,34.73647
4/28/2019,Adults,40.502583,43.92332,37.081847,54.266835,58.70982,49.823849,11/20/2019 15:33,45.49413,50.44143,40.54683,39.76756,44.77613,34.75898
4/27/2019,Voters,42.566135,47.009043,38.123227,53.521917,57.789283,49.254551,11/20/2019 15:34,45.50465,50.45144,40.55786,39.79044,44.79865,34.78223
4/26/2019,All polls,41.351546,45.838543,36.86455,53.939759,58.274364,49.605153,11/20/2019 15:32,45.50721,50.44709,40.56733,39.79105,44.78968,34.79242
4/25/2019,Voters,42.631384,47.091806,38.170962,53.590235,57.972629,49.207841,11/19/2019 13:46,45.55692,50.48595,40.62789,39.84409,44.83457,34.85362
4/24/2019,Adults,40.568658,44.100137,37.037179,54.062424,58.518171,49.606676,11/19/2019 13:45,45.43712,50.36239,40.51185,40.19793,45.10646,35.2894
4/23/2019,All polls,41.285518,45.848329,36.722706,53.955721,58.321405,49.590038,11/19/2019 13:44,45.4376,50.35548,40.51971,40.18821,45.09036,35.28606
4/22/2019,Adults,40.436648,44.211863,36.661432,54.631685,59.282259,49.981111,11/18/2019 23:41,45.42867,50.34116,40.51619,40.20913,45.1019,35.31636
4/21/2019,Voters,42.14946,47.030645,37.268275,54.154347,58.680584,49.62811,11/18/2019 23:43,45.44134,50.33847,40.54421,40.22665,45.1016,35.3517
4/20/2019,All polls,41.218683,46.15515,36.282216,54.352335,58.924605,49.780064,11/18/2019 23:40,45.46674,50.36343,40.57005,40.26496,45.13979,35.39012
4/19/2019,Adults,40.384323,44.1302,36.638447,54.633742,59.257265,50.010218,11/18/2019 9:40,45.46711,50.35996,40.57425,40.29153,45.15665,35.42642
4/18/2019,Voters,42.166843,46.979818,37.353868,54.192609,58.765913,49.619304,11/18/2019 9:43,45.50795,50.39006,40.62584,40.34004,45.19347,35.48661
4/17/2019,All polls,41.196125,46.040041,36.352209,54.34702,58.917522,49.776518,11/18/2019 9:36,45.52328,50.39764,40.64893,40.36037,45.2053,35.51544
4/16/2019,All polls,41.196125,46.040047,36.352203,54.34702,58.917526,49.776514,11/18/2019 9:38,45.52296,50.39293,40.65299,40.40586,45.23685,35.57487
4/15/2019,Voters,42.166843,46.979818,37.353868,54.192609,58.765913,49.619304,11/18/2019 9:44,45.67727,50.52959,40.82494,40.24153,45.07927,35.40379
4/14/2019,Adults,40.384323,44.130191,36.638455,54.633742,59.257267,50.010216,11/18/2019 9:40,45.70467,50.54829,40.86105,40.28785,45.11723,35.45848
4/13/2019,Voters,42.166843,46.979818,37.353868,54.192609,58.765913,49.619304,11/15/2019 19:38,45.72102,50.56421,40.87782,40.31652,45.14576,35.48727
4/12/2019,Adults,40.384323,44.130211,36.638436,54.633742,59.257257,50.010227,11/15/2019 19:37,45.73693,50.5792,40.89465,40.34392,45.17252,35.51532
4/11/2019,All polls,41.196125,46.040041,36.35221,54.34702,58.917522,49.776518,11/15/2019 19:36,45.75085,50.58473,40.91697,40.353,45.17557,35.53043
4/10/2019,Voters,42.158859,46.822656,37.495063,54.268196,58.685427,49.850965,11/14/2019 12:08,45.75838,50.57672,40.94004,40.3871,45.19035,35.58386
4/9/2019,Adults,40.273318,44.053552,36.493084,54.84848,59.547635,50.149325,11/14/2019 12:07,45.7684,50.58554,40.95125,40.4033,45.20564,35.60096
4/8/2019,All polls,41.151785,45.920199,36.383371,54.537974,59.046552,50.029395,11/14/2019 12:07,46.34439,51.28024,41.40854,41.36514,46.26093,36.46936
4/7/2019,Voters,41.921124,46.407684,37.434564,54.464671,58.806871,50.122472,11/13/2019 18:31,46.35319,51.28727,41.4191,41.37721,46.27163,36.48279
4/6/2019,Adults,40.31404,44.070311,36.55777,54.812785,59.463219,50.162351,11/13/2019 18:30,46.36174,51.2938,41.42967,41.38871,46.28146,36.49595
4/5/2019,All polls,40.950028,45.467056,36.433,54.668237,59.114547,50.221926,11/13/2019 18:29,46.35876,51.28345,41.43407,41.40292,46.28562,36.52022
4/4/2019,Voters,42.00399,46.448391,37.559588,54.314966,58.636003,49.993929,11/12/2019 23:36,46.37143,51.28514,41.45772,41.42752,46.29723,36.55782
4/3/2019,Adults,40.720077,44.470245,36.969909,54.501473,58.941247,50.061698,11/12/2019 23:34,46.40725,51.30639,41.50811,41.43464,46.29518,36.5741
4/2/2019,All polls,41.10089,45.487915,36.713865,54.551996,58.875828,50.228165,11/12/2019 23:33,46.41046,51.30096,41.51995,41.45313,46.30265,36.6036
4/1/2019,Voters,42.422535,46.998677,37.846392,53.942433,58.351125,49.533742,11/11/2019 13:39,46.63406,51.52567,41.74245,41.28944,46.1699,36.40897
,,,,,,,,,,,,,,
,,,,,,,,,,,,,,
,,,,,,,,,,,,,,
,,,,,,,,,,,,,,
,,,,,,,,,,,,,,
,,,,,,,,,,,,,,
,,,,,,,,,,,,,,
,,,,,,,,,,,,,,
,,,,,,,,,,,,,,
,,,,,,,,,,,,,,
,,,,,,,,,,,,,,
,,,,,,,,,,,,,,
,,,,,,,,,,,,,,
,,,,,,,,,,,,,,
,,,,,,,,,,,,,,
,,,,,,,,,,,,,,
,,,,,,,,,,,,,,
,,,,,,,,,,,,,,
,,,,,,,,,,,,,,
,,,,,,,,,,,,,,
,,,,,,,,,,,,,,
,,,,,,,,,,,,,,
,,,,,,,,,,,,,,
,,,,,,,,,,,,,,
,,,,,,,,,,,,,,
,,,,,,,,,,,,,,
,,,,,,,,,,,,,,
,,,,,,,,,,,,,,
,,,,,,,,,,,,,,
,,,,,,,,,,,,,,
,,,,,,,,,,,,,,
,,,,,,,,,,,,,,
,,,,,,,,,,,,,,
,,,,,,,,,,,,,,
,,,,,,,,,,,,,,
,,,,,,,,,,,,,,
,,,,,,,,,,,,,,
,,,,,,,,,,,,,,
,,,,,,,,,,,,,,
,,,,,,,,,,,,,,
,,,,,,,,,,,,,,
,,,,,,,,,,,,,,
,,,,,,,,,,,,,,
,,,,,,,,,,,,,,
,,,,,,,,,,,,,,
,,,,,,,,,,,,,,
,,,,,,,,,,,,,,
,,,,,,,,,,,,,,
,,,,,,,,,,,,,,
,,,,,,,,,,,,,,
,,,,,,,,,,,,,,
,,,,,,,,,,,,,,
,,,,,,,,,,,,,,
,,,,,,,,,,,,,,
,,,,,,,,,,,,,,
,,,,,,,,,,,,,,
,,,,,,,,,,,,,,
,,,,,,,,,,,,,,
,,,,,,,,,,,,,,
,,,,,,,,,,,,,,
,,,,,,,,,,,,,,
,,,,,,,,,,,,,,
,,,,,,,,,,,,,,
,,,,,,,,,,,,,,
,,,,,,,,,,,,,,
,,,,,,,,,,,,,,
,,,,,,,,,,,,,,
,,,,,,,,,,,,,,
,,,,,,,,,,,,,,
,,,,,,,,,,,,,,
,,,,,,,,,,,,,,
,,,,,,,,,,,,,,
,,,,,,,,,,,,,,
,,,,,,,,,,,,,,
,,,,,,,,,,,,,,
,,,,,,,,,,,,,,
,,,,,,,,,,,,,,
,,,,,,,,,,,,,,
,,,,,,,,,,,,,,
,,,,,,,,,,,,,,
,,,,,,,,,,,,,,
,,,,,,,,,,,,,,
,,,,,,,,,,,,,,
,,,,,,,,,,,,,,
,,,,,,,,,,,,,,
,,,,,,,,,,,,,,
,,,,,,,,,,,,,,
,,,,,,,,,,,,,,
,,,,,,,,,,,,,,
,,,,,,,,,,,,,,
,,,,,,,,,,,,,,
,,,,,,,,,,,,,,
,,,,,,,,,,,,,,
,,,,,,,,,,,,,,
,,,,,,,,,,,,,,
,,,,,,,,,,,,,,
,,,,,,,,,,,,,,
,,,,,,,,,,,,,,
,,,,,,,,,,,,,,
,,,,,,,,,,,,,,
,,,,,,,,,,,,,,
,,,,,,,,,,,,,,
,,,,,,,,,,,,,,
,,,,,,,,,,,,,,
,,,,,,,,,,,,,,
,,,,,,,,,,,,,,
,,,,,,,,,,,,,,
,,,,,,,,,,,,,,
,,,,,,,,,,,,,,
,,,,,,,,,,,,,,
,,,,,,,,,,,,,,
,,,,,,,,,,,,,,
,,,,,,,,,,,,,,
,,,,,,,,,,,,,,
,,,,,,,,,,,,,,
,,,,,,,,,,,,,,
,,,,,,,,,,,,,,
,,,,,,,,,,,,,,
,,,,,,,,,,,,,,
,,,,,,,,,,,,,,
,,,,,,,,,,,,,,
,,,,,,,,,,,,,,
,,,,,,,,,,,,,,
,,,,,,,,,,,,,,
,,,,,,,,,,,,,,
,,,,,,,,,,,,,,
,,,,,,,,,,,,,,
,,,,,,,,,,,,,,
,,,,,,,,,,,,,,
,,,,,,,,,,,,,,
,,,,,,,,,,,,,,
,,,,,,,,,,,,,,
,,,,,,,,,,,,,,
,,,,,,,,,,,,,,
,,,,,,,,,,,,,,
,,,,,,,,,,,,,,
,,,,,,,,,,,,,,
,,,,,,,,,,,,,,
,,,,,,,,,,,,,,
,,,,,,,,,,,,,,
,,,,,,,,,,,,,,
,,,,,,,,,,,,,,
,,,,,,,,,,,,,,
,,,,,,,,,,,,,,
,,,,,,,,,,,,,,
,,,,,,,,,,,,,,
,,,,,,,,,,,,,,
,,,,,,,,,,,,,,
,,,,,,,,,,,,,,
,,,,,,,,,,,,,,
,,,,,,,,,,,,,,
,,,,,,,,,,,,,,
,,,,,,,,,,,,,,
,,,,,,,,,,,,,,
,,,,,,,,,,,,,,
,,,,,,,,,,,,,,
,,,,,,,,,,,,,,
,,,,,,,,,,,,,,
,,,,,,,,,,,,,,
,,,,,,,,,,,,,,
,,,,,,,,,,,,,,
,,,,,,,,,,,,,,
,,,,,,,,,,,,,,
,,,,,,,,,,,,,,
,,,,,,,,,,,,,,
,,,,,,,,,,,,,,
,,,,,,,,,,,,,,
,,,,,,,,,,,,,,
,,,,,,,,,,,,,,
,,,,,,,,,,,,,,
,,,,,,,,,,,,,,
,,,,,,,,,,,,,,
,,,,,,,,,,,,,,
,,,,,,,,,,,,,,
,,,,,,,,,,,,,,
,,,,,,,,,,,,,,
,,,,,,,,,,,,,,
,,,,,,,,,,,,,,
,,,,,,,,,,,,,,
,,,,,,,,,,,,,,
,,,,,,,,,,,,,,
,,,,,,,,,,,,,,
,,,,,,,,,,,,,,
,,,,,,,,,,,,,,
,,,,,,,,,,,,,,
,,,,,,,,,,,,,,
,,,,,,,,,,,,,,
,,,,,,,,,,,,,,
,,,,,,,,,,,,,,
,,,,,,,,,,,,,,
,,,,,,,,,,,,,,
,,,,,,,,,,,,,,
,,,,,,,,,,,,,,
,,,,,,,,,,,,,,
,,,,,,,,,,,,,,
,,,,,,,,,,,,,,
,,,,,,,,,,,,,,
,,,,,,,,,,,,,,
,,,,,,,,,,,,,,
,,,,,,,,,,,,,,
,,,,,,,,,,,,,,
,,,,,,,,,,,,,,
,,,,,,,,,,,,,,
,,,,,,,,,,,,,,
,,,,,,,,,,,,,,
,,,,,,,,,,,,,,
,,,,,,,,,,,,,,
,,,,,,,,,,,,,,
,,,,,,,,,,,,,,
,,,,,,,,,,,,,,
,,,,,,,,,,,,,,
,,,,,,,,,,,,,,
,,,,,,,,,,,,,,
,,,,,,,,,,,,,,
,,,,,,,,,,,,,,
,,,,,,,,,,,,,,
,,,,,,,,,,,,,,
,,,,,,,,,,,,,,
,,,,,,,,,,,,,,
,,,,,,,,,,,,,,
,,,,,,,,,,,,,,
,,,,,,,,,,,,,,
,,,,,,,,,,,,,,
,,,,,,,,,,,,,,
,,,,,,,,,,,,,,
,,,,,,,,,,,,,,
,,,,,,,,,,,,,,
,,,,,,,,,,,,,,
,,,,,,,,,,,,,,
,,,,,,,,,,,,,,
,,,,,,,,,,,,,,
,,,,,,,,,,,,,,
,,,,,,,,,,,,,,
,,,,,,,,,,,,,,
,,,,,,,,,,,,,,
,,,,,,,,,,,,,,
,,,,,,,,,,,,,,
,,,,,,,,,,,,,,
,,,,,,,,,,,,,,
,,,,,,,,,,,,,,
,,,,,,,,,,,,,,
,,,,,,,,,,,,,,
,,,,,,,,,,,,,,
,,,,,,,,,,,,,,
,,,,,,,,,,,,,,
,,,,,,,,,,,,,,
,,,,,,,,,,,,,,
,,,,,,,,,,,,,,
,,,,,,,,,,,,,,
,,,,,,,,,,,,,,
,,,,,,,,,,,,,,
,,,,,,,,,,,,,,
,,,,,,,,,,,,,,
,,,,,,,,,,,,,,
,,,,,,,,,,,,,,
,,,,,,,,,,,,,,
,,,,,,,,,,,,,,
,,,,,,,,,,,,,,
,,,,,,,,,,,,,,
,,,,,,,,,,,,,,
,,,,,,,,,,,,,,
,,,,,,,,,,,,,,
,,,,,,,,,,,,,,
,,,,,,,,,,,,,,
,,,,,,,,,,,,,,
,,,,,,,,,,,,,,
,,,,,,,,,,,,,,
,,,,,,,,,,,,,,
,,,,,,,,,,,,,,
,,,,,,,,,,,,,,
,,,,,,,,,,,,,,
,,,,,,,,,,,,,,
,,,,,,,,,,,,,,
,,,,,,,,,,,,,,
,,,,,,,,,,,,,,
,,,,,,,,,,,,,,
,,,,,,,,,,,,,,
,,,,,,,,,,,,,,
,,,,,,,,,,,,,,
,,,,,,,,,,,,,,
,,,,,,,,,,,,,,
,,,,,,,,,,,,,,
,,,,,,,,,,,,,,
,,,,,,,,,,,,,,
,,,,,,,,,,,,,,
,,,,,,,,,,,,,,
,,,,,,,,,,,,,,
,,,,,,,,,,,,,,
,,,,,,,,,,,,,,
,,,,,,,,,,,,,,
,,,,,,,,,,,,,,
,,,,,,,,,,,,,,
,,,,,,,,,,,,,,
,,,,,,,,,,,,,,
,,,,,,,,,,,,,,
,,,,,,,,,,,,,,
,,,,,,,,,,,,,,
,,,,,,,,,,,,,,
,,,,,,,,,,,,,,
,,,,,,,,,,,,,,
,,,,,,,,,,,,,,
,,,,,,,,,,,,,,
,,,,,,,,,,,,,,
,,,,,,,,,,,,,,
,,,,,,,,,,,,,,
,,,,,,,,,,,,,,
,,,,,,,,,,,,,,
,,,,,,,,,,,,,,
,,,,,,,,,,,,,,
,,,,,,,,,,,,,,
,,,,,,,,,,,,,,
,,,,,,,,,,,,,,
,,,,,,,,,,,,,,
,,,,,,,,,,,,,,
,,,,,,,,,,,,,,
,,,,,,,,,,,,,,
,,,,,,,,,,,,,,
,,,,,,,,,,,,,,
,,,,,,,,,,,,,,
,,,,,,,,,,,,,,
,,,,,,,,,,,,,,
,,,,,,,,,,,,,,
,,,,,,,,,,,,,,
,,,,,,,,,,,,,,
,,,,,,,,,,,,,,
,,,,,,,,,,,,,,
,,,,,,,,,,,,,,
,,,,,,,,,,,,,,
,,,,,,,,,,,,,,
,,,,,,,,,,,,,,
,,,,,,,,,,,,,,
,,,,,,,,,,,,,,
,,,,,,,,,,,,,,
,,,,,,,,,,,,,,
,,,,,,,,,,,,,,
,,,,,,,,,,,,,,
,,,,,,,,,,,,,,
,,,,,,,,,,,,,,
,,,,,,,,,,,,,,
,,,,,,,,,,,,,,
,,,,,,,,,,,,,,
,,,,,,,,,,,,,,
,,,,,,,,,,,,,,
,,,,,,,,,,,,,,
,,,,,,,,,,,,,,
,,,,,,,,,,,,,,
,,,,,,,,,,,,,,
,,,,,,,,,,,,,,
,,,,,,,,,,,,,,
,,,,,,,,,,,,,,
,,,,,,,,,,,,,,
,,,,,,,,,,,,,,
,,,,,,,,,,,,,,
,,,,,,,,,,,,,,
,,,,,,,,,,,,,,
,,,,,,,,,,,,,,
,,,,,,,,,,,,,,
,,,,,,,,,,,,,,
,,,,,,,,,,,,,,
,,,,,,,,,,,,,,
,,,,,,,,,,,,,,
,,,,,,,,,,,,,,
,,,,,,,,,,,,,,
,,,,,,,,,,,,,,
,,,,,,,,,,,,,,
,,,,,,,,,,,,,,
,,,,,,,,,,,,,,
,,,,,,,,,,,,,,
,,,,,,,,,,,,,,
,,,,,,,,,,,,,,
,,,,,,,,,,,,,,
,,,,,,,,,,,,,,
,,,,,,,,,,,,,,
,,,,,,,,,,,,,,
,,,,,,,,,,,,,,
,,,,,,,,,,,,,,
,,,,,,,,,,,,,,
,,,,,,,,,,,,,,
,,,,,,,,,,,,,,
,,,,,,,,,,,,,,
,,,,,,,,,,,,,,
,,,,,,,,,,,,,,
,,,,,,,,,,,,,,
,,,,,,,,,,,,,,
,,,,,,,,,,,,,,
,,,,,,,,,,,,,,
,,,,,,,,,,,,,,
,,,,,,,,,,,,,,
,,,,,,,,,,,,,,
,,,,,,,,,,,,,,
,,,,,,,,,,,,,,
,,,,,,,,,,,,,,
,,,,,,,,,,,,,,
,,,,,,,,,,,,,,
,,,,,,,,,,,,,,
,,,,,,,,,,,,,,
,,,,,,,,,,,,,,
,,,,,,,,,,,,,,
,,,,,,,,,,,,,,
,,,,,,,,,,,,,,
,,,,,,,,,,,,,,
,,,,,,,,,,,,,,
,,,,,,,,,,,,,,
,,,,,,,,,,,,,,
,,,,,,,,,,,,,,
,,,,,,,,,,,,,,
,,,,,,,,,,,,,,
,,,,,,,,,,,,,,
,,,,,,,,,,,,,,
,,,,,,,,,,,,,,
,,,,,,,,,,,,,,
,,,,,,,,,,,,,,
,,,,,,,,,,,,,,
,,,,,,,,,,,,,,
,,,,,,,,,,,,,,
,,,,,,,,,,,,,,
,,,,,,,,,,,,,,
,,,,,,,,,,,,,,
,,,,,,,,,,,,,,
,,,,,,,,,,,,,,
,,,,,,,,,,,,,,
,,,,,,,,,,,,,,
,,,,,,,,,,,,,,
,,,,,,,,,,,,,,
,,,,,,,,,,,,,,
,,,,,,,,,,,,,,
,,,,,,,,,,,,,,
,,,,,,,,,,,,,,
,,,,,,,,,,,,,,
,,,,,,,,,,,,,,
,,,,,,,,,,,,,,
,,,,,,,,,,,,,,
,,,,,,,,,,,,,,
,,,,,,,,,,,,,,
,,,,,,,,,,,,,,
,,,,,,,,,,,,,,
,,,,,,,,,,,,,,
,,,,,,,,,,,,,,
,,,,,,,,,,,,,,
,,,,,,,,,,,,,,
,,,,,,,,,,,,,,
,,,,,,,,,,,,,,
,,,,,,,,,,,,,,
,,,,,,,,,,,,,,
,,,,,,,,,,,,,,
,,,,,,,,,,,,,,
,,,,,,,,,,,,,,
,,,,,,,,,,,,,,
,,,,,,,,,,,,,,
,,,,,,,,,,,,,,
,,,,,,,,,,,,,,
,,,,,,,,,,,,,,
,,,,,,,,,,,,,,
,,,,,,,,,,,,,,
,,,,,,,,,,,,,,
,,,,,,,,,,,,,,
,,,,,,,,,,,,,,
,,,,,,,,,,,,,,
,,,,,,,,,,,,,,
,,,,,,,,,,,,,,
,,,,,,,,,,,,,,
,,,,,,,,,,,,,,
,,,,,,,,,,,,,,
,,,,,,,,,,,,,,
,,,,,,,,,,,,,,
,,,,,,,,,,,,,,
,,,,,,,,,,,,,,
,,,,,,,,,,,,,,
,,,,,,,,,,,,,,
,,,,,,,,,,,,,,
,,,,,,,,,,,,,,
,,,,,,,,,,,,,,
,,,,,,,,,,,,,,
,,,,,,,,,,,,,,
,,,,,,,,,,,,,,
,,,,,,,,,,,,,,
,,,,,,,,,,,,,,
,,,,,,,,,,,,,,
,,,,,,,,,,,,,,
,,,,,,,,,,,,,,
,,,,,,,,,,,,,,
,,,,,,,,,,,,,,
,,,,,,,,,,,,,,
,,,,,,,,,,,,,,
,,,,,,,,,,,,,,
,,,,,,,,,,,,,,
,,,,,,,,,,,,,,
,,,,,,,,,,,,,,
,,,,,,,,,,,,,,
,,,,,,,,,,,,,,
,,,,,,,,,,,,,,
,,,,,,,,,,,,,,
,,,,,,,,,,,,,,
,,,,,,,,,,,,,,
,,,,,,,,,,,,,,
,,,,,,,,,,,,,,
,,,,,,,,,,,,,,
,,,,,,,,,,,,,,
,,,,,,,,,,,,,,
,,,,,,,,,,,,,,
,,,,,,,,,,,,,,
,,,,,,,,,,,,,,
,,,,,,,,,,,,,,
,,,,,,,,,,,,,,
,,,,,,,,,,,,,,
,,,,,,,,,,,,,,
,,,,,,,,,,,,,,
,,,,,,,,,,,,,,
,,,,,,,,,,,,,,
,,,,,,,,,,,,,,
,,,,,,,,,,,,,,
,,,,,,,,,,,,,,
,,,,,,,,,,,,,,
,,,,,,,,,,,,,,
,,,,,,,,,,,,,,
,,,,,,,,,,,,,,
,,,,,,,,,,,,,,
,,,,,,,,,,,,,,
,,,,,,,,,,,,,,
,,,,,,,,,,,,,,
,,,,,,,,,,,,,,
,,,,,,,,,,,,,,
,,,,,,,,,,,,,,
,,,,,,,,,,,,,,
,,,,,,,,,,,,,,
,,,,,,,,,,,,,,
,,,,,,,,,,,,,,
,,,,,,,,,,,,,,
,,,,,,,,,,,,,,
,,,,,,,,,,,,,,
,,,,,,,,,,,,,,
,,,,,,,,,,,,,,
,,,,,,,,,,,,,,
,,,,,,,,,,,,,,
,,,,,,,,,,,,,,
,,,,,,,,,,,,,,
,,,,,,,,,,,,,,
,,,,,,,,,,,,,,
,,,,,,,,,,,,,,
,,,,,,,,,,,,,,
,,,,,,,,,,,,,,
,,,,,,,,,,,,,,
,,,,,,,,,,,,,,
,,,,,,,,,,,,,,
,,,,,,,,,,,,,,
,,,,,,,,,,,,,,
,,,,,,,,,,,,,,
,,,,,,,,,,,,,,
,,,,,,,,,,,,,,
,,,,,,,,,,,,,,
,,,,,,,,,,,,,,
,,,,,,,,,,,,,,
,,,,,,,,,,,,,,
,,,,,,,,,,,,,,
,,,,,,,,,,,,,,
,,,,,,,,,,,,,,
,,,,,,,,,,,,,,
,,,,,,,,,,,,,,
,,,,,,,,,,,,,,
,,,,,,,,,,,,,,
,,,,,,,,,,,,,,
,,,,,,,,,,,,,,
,,,,,,,,,,,,,,
,,,,,,,,,,,,,,
,,,,,,,,,,,,,,
,,,,,,,,,,,,,,
,,,,,,,,,,,,,,
,,,,,,,,,,,,,,
,,,,,,,,,,,,,,
,,,,,,,,,,,,,,
,,,,,,,,,,,,,,
,,,,,,,,,,,,,,
,,,,,,,,,,,,,,
,,,,,,,,,,,,,,
,,,,,,,,,,,,,,
,,,,,,,,,,,,,,
,,,,,,,,,,,,,,
,,,,,,,,,,,,,,
,,,,,,,,,,,,,,
,,,,,,,,,,,,,,
,,,,,,,,,,,,,,
,,,,,,,,,,,,,,
,,,,,,,,,,,,,,
,,,,,,,,,,,,,,
,,,,,,,,,,,,,,
,,,,,,,,,,,,,,
,,,,,,,,,,,,,,
,,,,,,,,,,,,,,
,,,,,,,,,,,,,,
,,,,,,,,,,,,,,
,,,,,,,,,,,,,,
,,,,,,,,,,,,,,
,,,,,,,,,,,,,,
,,,,,,,,,,,,,,
,,,,,,,,,,,,,,
,,,,,,,,,,,,,,
,,,,,,,,,,,,,,
,,,,,,,,,,,,,,
,,,,,,,,,,,,,,
,,,,,,,,,,,,,,
,,,,,,,,,,,,,,
,,,,,,,,,,,,,,
,,,,,,,,,,,,,,
,,,,,,,,,,,,,,
,,,,,,,,,,,,,,
,,,,,,,,,,,,,,
,,,,,,,,,,,,,,
,,,,,,,,,,,,,,
,,,,,,,,,,,,,,
,,,,,,,,,,,,,,
,,,,,,,,,,,,,,
,,,,,,,,,,,,,,
,,,,,,,,,,,,,,
,,,,,,,,,,,,,,
,,,,,,,,,,,,,,
,,,,,,,,,,,,,,
,,,,,,,,,,,,,,
,,,,,,,,,,,,,,
,,,,,,,,,,,,,,
,,,,,,,,,,,,,,
,,,,,,,,,,,,,,
,,,,,,,,,,,,,,
,,,,,,,,,,,,,,
,,,,,,,,,,,,,,
,,,,,,,,,,,,,,
,,,,,,,,,,,,,,
,,,,,,,,,,,,,,
,,,,,,,,,,,,,,
,,,,,,,,,,,,,,
,,,,,,,,,,,,,,
,,,,,,,,,,,,,,
,,,,,,,,,,,,,,
,,,,,,,,,,,,,,
,,,,,,,,,,,,,,
,,,,,,,,,,,,,,
,,,,,,,,,,,,,,
,,,,,,,,,,,,,,
,,,,,,,,,,,,,,
,,,,,,,,,,,,,,
,,,,,,,,,,,,,,
,,,,,,,,,,,,,,
,,,,,,,,,,,,,,
,,,,,,,,,,,,,,
,,,,,,,,,,,,,,
,,,,,,,,,,,,,,
,,,,,,,,,,,,,,
,,,,,,,,,,,,,,
,,,,,,,,,,,,,,
,,,,,,,,,,,,,,
,,,,,,,,,,,,,,
,,,,,,,,,,,,,,
,,,,,,,,,,,,,,
,,,,,,,,,,,,,,
,,,,,,,,,,,,,,
,,,,,,,,,,,,,,
,,,,,,,,,,,,,,
,,,,,,,,,,,,,,
,,,,,,,,,,,,,,
,,,,,,,,,,,,,,
,,,,,,,,,,,,,,
,,,,,,,,,,,,,,
,,,,,,,,,,,,,,
,,,,,,,,,,,,,,
,,,,,,,,,,,,,,
,,,,,,,,,,,,,,
,,,,,,,,,,,,,,
,,,,,,,,,,,,,,
,,,,,,,,,,,,,,
,,,,,,,,,,,,,,
,,,,,,,,,,,,,,
,,,,,,,,,,,,,,
,,,,,,,,,,,,,,
,,,,,,,,,,,,,,
,,,,,,,,,,,,,,
,,,,,,,,,,,,,,
,,,,,,,,,,,,,,
,,,,,,,,,,,,,,
,,,,,,,,,,,,,,
,,,,,,,,,,,,,,
,,,,,,,,,,,,,,
,,,,,,,,,,,,,,
,,,,,,,,,,,,,,
,,,,,,,,,,,,,,
,,,,,,,,,,,,,,
,,,,,,,,,,,,,,
,,,,,,,,,,,,,,
,,,,,,,,,,,,,,
,,,,,,,,,,,,,,
,,,,,,,,,,,,,,
,,,,,,,,,,,,,,
,,,,,,,,,,,,,,
,,,,,,,,,,,,,,
,,,,,,,,,,,,,,
,,,,,,,,,,,,,,
,,,,,,,,,,,,,,
,,,,,,,,,,,,,,
,,,,,,,,,,,,,,
,,,,,,,,,,,,,,
,,,,,,,,,,,,,,
,,,,,,,,,,,,,,
,,,,,,,,,,,,,,
,,,,,,,,,,,,,,
,,,,,,,,,,,,,,
,,,,,,,,,,,,,,
,,,,,,,,,,,,,,
,,,,,,,,,,,,,,
,,,,,,,,,,,,,,
,,,,,,,,,,,,,,
,,,,,,,,,,,,,,
,,,,,,,,,,,,,,
,,,,,,,,,,,,,,
,,,,,,,,,,,,,,
,,,,,,,,,,,,,,
,,,,,,,,,,,,,,
,,,,,,,,,,,,,,
,,,,,,,,,,,,,,
,,,,,,,,,,,,,,
,,,,,,,,,,,,,,
,,,,,,,,,,,,,,
,,,,,,,,,,,,,,
,,,,,,,,,,,,,,
,,,,,,,,,,,,,,
,,,,,,,,,,,,,,
,,,,,,,,,,,,,,
,,,,,,,,,,,,,,
,,,,,,,,,,,,,,
,,,,,,,,,,,,,,
,,,,,,,,,,,,,,
,,,,,,,,,,,,,,
,,,,,,,,,,,,,,
,,,,,,,,,,,,,,
,,,,,,,,,,,,,,
,,,,,,,,,,,,,,
,,,,,,,,,,,,,,
,,,,,,,,,,,,,,
,,,,,,,,,,,,,,
,,,,,,,,,,,,,,
,,,,,,,,,,,,,,
,,,,,,,,,,,,,,
,,,,,,,,,,,,,,
,,,,,,,,,,,,,,
,,,,,,,,,,,,,,
,,,,,,,,,,,,,,
,,,,,,,,,,,,,,
,,,,,,,,,,,,,,
,,,,,,,,,,,,,,
,,,,,,,,,,,,,,
,,,,,,,,,,,,,,
,,,,,,,,,,,,,,
,,,,,,,,,,,,,,
,,,,,,,,,,,,,,
,,,,,,,,,,,,,,
,,,,,,,,,,,,,,
,,,,,,,,,,,,,,
,,,,,,,,,,,,,,
,,,,,,,,,,,,,,
,,,,,,,,,,,,,,
,,,,,,,,,,,,,,
,,,,,,,,,,,,,,
,,,,,,,,,,,,,,
,,,,,,,,,,,,,,
,,,,,,,,,,,,,,
,,,,,,,,,,,,,,
,,,,,,,,,,,,,,
,,,,,,,,,,,,,,
,,,,,,,,,,,,,,
,,,,,,,,,,,,,,
,,,,,,,,,,,,,,
,,,,,,,,,,,,,,
,,,,,,,,,,,,,,
,,,,,,,,,,,,,,
,,,,,,,,,,,,,,
,,,,,,,,,,,,,,
,,,,,,,,,,,,,,
,,,,,,,,,,,,,,
,,,,,,,,,,,,,,
,,,,,,,,,,,,,,
,,,,,,,,,,,,,,
,,,,,,,,,,,,,,
,,,,,,,,,,,,,,
,,,,,,,,,,,,,,
,,,,,,,,,,,,,,
,,,,,,,,,,,,,,
,,,,,,,,,,,,,,
,,,,,,,,,,,,,,
,,,,,,,,,,,,,,
,,,,,,,,,,,,,,
,,,,,,,,,,,,,,
,,,,,,,,,,,,,,
,,,,,,,,,,,,,,
,,,,,,,,,,,,,,
,,,,,,,,,,,,,,
,,,,,,,,,,,,,,
,,,,,,,,,,,,,,
,,,,,,,,,,,,,,
,,,,,,,,,,,,,,
,,,,,,,,,,,,,,
,,,,,,,,,,,,,,
,,,,,,,,,,,,,,
,,,,,,,,,,,,,,
,,,,,,,,,,,,,,
,,,,,,,,,,,,,,
,,,,,,,,,,,,,,
,,,,,,,,,,,,,,
,,,,,,,,,,,,,,
,,,,,,,,,,,,,,
,,,,,,,,,,,,,,
,,,,,,,,,,,,,,
,,,,,,,,,,,,,,
,,,,,,,,,,,,,,
,,,,,,,,,,,,,,
,,,,,,,,,,,,,,
,,,,,,,,,,,,,,
,,,,,,,,,,,,,,
,,,,,,,,,,,,,,
,,,,,,,,,,,,,,
,,,,,,,,,,,,,,
,,,,,,,,,,,,,,
,,,,,,,,,,,,,,
,,,,,,,,,,,,,,
,,,,,,,,,,,,,,
,,,,,,,,,,,,,,
,,,,,,,,,,,,,,
,,,,,,,,,,,,,,
,,,,,,,,,,,,,,
,,,,,,,,,,,,,,
,,,,,,,,,,,,,,
,,,,,,,,,,,,,,
,,,,,,,,,,,,,,
,,,,,,,,,,,,,,
,,,,,,,,,,,,,,
,,,,,,,,,,,,,,
,,,,,,,,,,,,,,
,,,,,,,,,,,,,,
,,,,,,,,,,,,,,
,,,,,,,,,,,,,,
,,,,,,,,,,,,,,
,,,,,,,,,,,,,,
,,,,,,,,,,,,,,
,,,,,,,,,,,,,,
,,,,,,,,,,,,,,
,,,,,,,,,,,,,,
,,,,,,,,,,,,,,
,,,,,,,,,,,,,,
,,,,,,,,,,,,,,
,,,,,,,,,,,,,,
,,,,,,,,,,,,,,
,,,,,,,,,,,,,,
,,,,,,,,,,,,,,
,,,,,,,,,,,,,,
,,,,,,,,,,,,,,
,,,,,,,,,,,,,,
,,,,,,,,,,,,,,
,,,,,,,,,,,,,,
,,,,,,,,,,,,,,
,,,,,,,,,,,,,,
,,,,,,,,,,,,,,
,,,,,,,,,,,,,,
,,,,,,,,,,,,,,
,,,,,,,,,,,,,,
,,,,,,,,,,,,,,
,,,,,,,,,,,,,,
,,,,,,,,,,,,,,
,,,,,,,,,,,,,,
,,,,,,,,,,,,,,
,,,,,,,,,,,,,,
,,,,,,,,,,,,,,
,,,,,,,,,,,,,,
,,,,,,,,,,,,,,
,,,,,,,,,,,,,,
,,,,,,,,,,,,,,
,,,,,,,,,,,,,,
,,,,,,,,,,,,,,
,,,,,,,,,,,,,,
,,,,,,,,,,,,,,
,,,,,,,,,,,,,,
,,,,,,,,,,,,,,
,,,,,,,,,,,,,,
,,,,,,,,,,,,,,
,,,,,,,,,,,,,,
,,,,,,,,,,,,,,
,,,,,,,,,,,,,,
,,,,,,,,,,,,,,
,,,,,,,,,,,,,,
,,,,,,,,,,,,,,
,,,,,,,,,,,,,,
,,,,,,,,,,,,,,
,,,,,,,,,,,,,,
,,,,,,,,,,,,,,
,,,,,,,,,,,,,,
,,,,,,,,,,,,,,
,,,,,,,,,,,,,,
,,,,,,,,,,,,,,
,,,,,,,,,,,,,,
,,,,,,,,,,,,,,
,,,,,,,,,,,,,,
,,,,,,,,,,,,,,
,,,,,,,,,,,,,,
,,,,,,,,,,,,,,
,,,,,,,,,,,,,,
,,,,,,,,,,,,,,
,,,,,,,,,,,,,,
,,,,,,,,,,,,,,
,,,,,,,,,,,,,,
,,,,,,,,,,,,,,
,,,,,,,,,,,,,,
,,,,,,,,,,,,,,
,,,,,,,,,,,,,,
,,,,,,,,,,,,,,
,,,,,,,,,,,,,,
,,,,,,,,,,,,,,
,,,,,,,,,,,,,,
,,,,,,,,,,,,,,
,,,,,,,,,,,,,,
,,,,,,,,,,,,,,
,,,,,,,,,,,,,,
,,,,,,,,,,,,,,
,,,,,,,,,,,,,,
,,,,,,,,,,,,,,
,,,,,,,,,,,,,,
,,,,,,,,,,,,,,
,,,,,,,,,,,,,,
,,,,,,,,,,,,,,
,,,,,,,,,,,,,,
,,,,,,,,,,,,,,
,,,,,,,,,,,,,,
,,,,,,,,,,,,,,
,,,,,,,,,,,,,,
,,,,,,,,,,,,,,
,,,,,,,,,,,,,,
,,,,,,,,,,,,,,
,,,,,,,,,,,,,,
,,,,,,,,,,,,,,
,,,,,,,,,,,,,,
,,,,,,,,,,,,,,
,,,,,,,,,,,,,,
,,,,,,,,,,,,,,
,,,,,,,,,,,,,,
,,,,,,,,,,,,,,
,,,,,,,,,,,,,,
,,,,,,,,,,,,,,
,,,,,,,,,,,,,,
,,,,,,,,,,,,,,
,,,,,,,,,,,,,,
,,,,,,,,,,,,,,
,,,,,,,,,,,,,,
,,,,,,,,,,,,,,
,,,,,,,,,,,,,,
,,,,,,,,,,,,,,
,,,,,,,,,,,,,,
,,,,,,,,,,,,,,
,,,,,,,,,,,,,,
,,,,,,,,,,,,,,
,,,,,,,,,,,,,,
,,,,,,,,,,,,,,
,,,,,,,,,,,,,,
,,,,,,,,,,,,,,
,,,,,,,,,,,,,,
,,,,,,,,,,,,,,
,,,,,,,,,,,,,,
,,,,,,,,,,,,,,
,,,,,,,,,,,,,,
,,,,,,,,,,,,,,
,,,,,,,,,,,,,,
,,,,,,,,,,,,,,
,,,,,,,,,,,,,,
,,,,,,,,,,,,,,
,,,,,,,,,,,,,,
,,,,,,,,,,,,,,
,,,,,,,,,,,,,,
,,,,,,,,,,,,,,
,,,,,,,,,,,,,,
,,,,,,,,,,,,,,
,,,,,,,,,,,,,,
,,,,,,,,,,,,,,
,,,,,,,,,,,,,,
,,,,,,,,,,,,,,
,,,,,,,,,,,,,,
,,,,,,,,,,,,,,
,,,,,,,,,,,,,,
,,,,,,,,,,,,,,
,,,,,,,,,,,,,,
,,,,,,,,,,,,,,
,,,,,,,,,,,,,,
,,,,,,,,,,,,,,
,,,,,,,,,,,,,,
,,,,,,,,,,,,,,
,,,,,,,,,,,,,,
,,,,,,,,,,,,,,
,,,,,,,,,,,,,,
,,,,,,,,,,,,,,
,,,,,,,,,,,,,,
,,,,,,,,,,,,,,
,,,,,,,,,,,,,,
,,,,,,,,,,,,,,
,,,,,,,,,,,,,,
,,,,,,,,,,,,,,
,,,,,,,,,,,,,,
,,,,,,,,,,,,,,
,,,,,,,,,,,,,,
,,,,,,,,,,,,,,
,,,,,,,,,,,,,,
,,,,,,,,,,,,,,
,,,,,,,,,,,,,,
,,,,,,,,,,,,,,
,,,,,,,,,,,,,,
,,,,,,,,,,,,,,
,,,,,,,,,,,,,,
,,,,,,,,,,,,,,
,,,,,,,,,,,,,,
,,,,,,,,,,,,,,
,,,,,,,,,,,,,,
,,,,,,,,,,,,,,
,,,,,,,,,,,,,,
,,,,,,,,,,,,,,
,,,,,,,,,,,,,,
,,,,,,,,,,,,,,
,,,,,,,,,,,,,,
,,,,,,,,,,,,,,
,,,,,,,,,,,,,,
,,,,,,,,,,,,,,
,,,,,,,,,,,,,,
,,,,,,,,,,,,,,
,,,,,,,,,,,,,,
,,,,,,,,,,,,,,
,,,,,,,,,,,,,,
,,,,,,,,,,,,,,
,,,,,,,,,,,,,,
,,,,,,,,,,,,,,
,,,,,,,,,,,,,,
,,,,,,,,,,,,,,
,,,,,,,,,,,,,,
,,,,,,,,,,,,,,
,,,,,,,,,,,,,,
,,,,,,,,,,,,,,
,,,,,,,,,,,,,,
,,,,,,,,,,,,,,
,,,,,,,,,,,,,,
,,,,,,,,,,,,,,
,,,,,,,,,,,,,,
,,,,,,,,,,,,,,
,,,,,,,,,,,,,,
,,,,,,,,,,,,,,
,,,,,,,,,,,,,,
,,,,,,,,,,,,,,
,,,,,,,,,,,,,,
,,,,,,,,,,,,,,
,,,,,,,,,,,,,,
,,,,,,,,,,,,,,
,,,,,,,,,,,,,,
,,,,,,,,,,,,,,
,,,,,,,,,,,,,,
,,,,,,,,,,,,,,
,,,,,,,,,,,,,,
,,,,,,,,,,,,,,
,,,,,,,,,,,,,,
,,,,,,,,,,,,,,
,,,,,,,,,,,,,,
,,,,,,,,,,,,,,
,,,,,,,,,,,,,,
,,,,,,,,,,,,,,
,,,,,,,,,,,,,,
,,,,,,,,,,,,,,
,,,,,,,,,,,,,,
,,,,,,,,,,,,,,
,,,,,,,,,,,,,,
,,,,,,,,,,,,,,
,,,,,,,,,,,,,,
,,,,,,,,,,,,,,
,,,,,,,,,,,,,,
,,,,,,,,,,,,,,
,,,,,,,,,,,,,,
,,,,,,,,,,,,,,
,,,,,,,,,,,,,,
,,,,,,,,,,,,,,
,,,,,,,,,,,,,,
,,,,,,,,,,,,,,
,,,,,,,,,,,,,,
,,,,,,,,,,,,,,
,,,,,,,,,,,,,,
,,,,,,,,,,,,,,
,,,,,,,,,,,,,,
,,,,,,,,,,,,,,
,,,,,,,,,,,,,,
,,,,,,,,,,,,,,
,,,,,,,,,,,,,,
,,,,,,,,,,,,,,
,,,,,,,,,,,,,,
,,,,,,,,,,,,,,
,,,,,,,,,,,,,,
,,,,,,,,,,,,,,
,,,,,,,,,,,,,,
,,,,,,,,,,,,,,
,,,,,,,,,,,,,,
,,,,,,,,,,,,,,
,,,,,,,,,,,,,,
,,,,,,,,,,,,,,
,,,,,,,,,,,,,,
,,,,,,,,,,,,,,
,,,,,,,,,,,,,,
,,,,,,,,,,,,,,
,,,,,,,,,,,,,,
,,,,,,,,,,,,,,
,,,,,,,,,,,,,,
,,,,,,,,,,,,,,
,,,,,,,,,,,,,,
,,,,,,,,,,,,,,
,,,,,,,,,,,,,,
,,,,,,,,,,,,,,
,,,,,,,,,,,,,,
,,,,,,,,,,,,,,
,,,,,,,,,,,,,,
,,,,,,,,,,,,,,
,,,,,,,,,,,,,,
,,,,,,,,,,,,,,
,,,,,,,,,,,,,,
,,,,,,,,,,,,,,
,,,,,,,,,,,,,,
,,,,,,,,,,,,,,
,,,,,,,,,,,,,,
,,,,,,,,,,,,,,
,,,,,,,,,,,,,,
,,,,,,,,,,,,,,
,,,,,,,,,,,,,,
,,,,,,,,,,,,,,
,,,,,,,,,,,,,,
,,,,,,,,,,,,,,
,,,,,,,,,,,,,,
,,,,,,,,,,,,,,
,,,,,,,,,,,,,,
,,,,,,,,,,,,,,
,,,,,,,,,,,,,,
,,,,,,,,,,,,,,
,,,,,,,,,,,,,,
,,,,,,,,,,,,,,
,,,,,,,,,,,,,,
,,,,,,,,,,,,,,
,,,,,,,,,,,,,,
,,,,,,,,,,,,,,
,,,,,,,,,,,,,,
,,,,,,,,,,,,,,
,,,,,,,,,,,,,,
,,,,,,,,,,,,,,
,,,,,,,,,,,,,,
,,,,,,,,,,,,,,
,,,,,,,,,,,,,,
,,,,,,,,,,,,,,
,,,,,,,,,,,,,,
,,,,,,,,,,,,,,
,,,,,,,,,,,,,,
,,,,,,,,,,,,,,
,,,,,,,,,,,,,,
,,,,,,,,,,,,,,
,,,,,,,,,,,,,,
,,,,,,,,,,,,,,
,,,,,,,,,,,,,,
,,,,,,,,,,,,,,
,,,,,,,,,,,,,,
,,,,,,,,,,,,,,
,,,,,,,,,,,,,,
,,,,,,,,,,,,,,
,,,,,,,,,,,,,,
,,,,,,,,,,,,,,
,,,,,,,,,,,,,,
,,,,,,,,,,,,,,
,,,,,,,,,,,,,,
,,,,,,,,,,,,,,
,,,,,,,,,,,,,,
,,,,,,,,,,,,,,
,,,,,,,,,,,,,,
,,,,,,,,,,,,,,
,,,,,,,,,,,,,,
,,,,,,,,,,,,,,
,,,,,,,,,,,,,,
,,,,,,,,,,,,,,
,,,,,,,,,,,,,,
,,,,,,,,,,,,,,
,,,,,,,,,,,,,,
,,,,,,,,,,,,,,
,,,,,,,,,,,,,,
,,,,,,,,,,,,,,
,,,,,,,,,,,,,,
,,,,,,,,,,,,,,
,,,,,,,,,,,,,,
,,,,,,,,,,,,,,
,,,,,,,,,,,,,,
,,,,,,,,,,,,,,
,,,,,,,,,,,,,,
,,,,,,,,,,,,,,
,,,,,,,,,,,,,,
,,,,,,,,,,,,,,
,,,,,,,,,,,,,,
,,,,,,,,,,,,,,
,,,,,,,,,,,,,,
,,,,,,,,,,,,,,
,,,,,,,,,,,,,,
,,,,,,,,,,,,,,
,,,,,,,,,,,,,,
,,,,,,,,,,,,,,
,,,,,,,,,,,,,,
,,,,,,,,,,,,,,
,,,,,,,,,,,,,,
,,,,,,,,,,,,,,
,,,,,,,,,,,,,,
,,,,,,,,,,,,,,
,,,,,,,,,,,,,,
,,,,,,,,,,,,,,
,,,,,,,,,,,,,,
,,,,,,,,,,,,,,
,,,,,,,,,,,,,,
,,,,,,,,,,,,,,
,,,,,,,,,,,,,,
,,,,,,,,,,,,,,
,,,,,,,,,,,,,,
,,,,,,,,,,,,,,
,,,,,,,,,,,,,,
,,,,,,,,,,,,,,
,,,,,,,,,,,,,,
,,,,,,,,,,,,,,
,,,,,,,,,,,,,,
,,,,,,,,,,,,,,
,,,,,,,,,,,,,,
,,,,,,,,,,,,,,
,,,,,,,,,,,,,,
,,,,,,,,,,,,,,
,,,,,,,,,,,,,,
,,,,,,,,,,,,,,
,,,,,,,,,,,,,,
,,,,,,,,,,,,,,
,,,,,,,,,,,,,,
,,,,,,,,,,,,,,
,,,,,,,,,,,,,,
,,,,,,,,,,,,,,
,,,,,,,,,,,,,,
,,,,,,,,,,,,,,
,,,,,,,,,,,,,,
,,,,,,,,,,,,,,
,,,,,,,,,,,,,,
,,,,,,,,,,,,,,
,,,,,,,,,,,,,,
,,,,,,,,,,,,,,
,,,,,,,,,,,,,,
,,,,,,,,,,,,,,
,,,,,,,,,,,,,,
,,,,,,,,,,,,,,
,,,,,,,,,,,,,,
,,,,,,,,,,,,,,
,,,,,,,,,,,,,,
,,,,,,,,,,,,,,
,,,,,,,,,,,,,,
,,,,,,,,,,,,,,
,,,,,,,,,,,,,,
,,,,,,,,,,,,,,
,,,,,,,,,,,,,,
,,,,,,,,,,,,,,
,,,,,,,,,,,,,,
,,,,,,,,,,,,,,
,,,,,,,,,,,,,,
,,,,,,,,,,,,,,
,,,,,,,,,,,,,,
,,,,,,,,,,,,,,
,,,,,,,,,,,,,,
,,,,,,,,,,,,,,
,,,,,,,,,,,,,,
,,,,,,,,,,,,,,
,,,,,,,,,,,,,,
,,,,,,,,,,,,,,
,,,,,,,,,,,,,,
,,,,,,,,,,,,,,
,,,,,,,,,,,,,,
,,,,,,,,,,,,,,
,,,,,,,,,,,,,,
,,,,,,,,,,,,,,
,,,,,,,,,,,,,,
,,,,,,,,,,,,,,
,,,,,,,,,,,,,,
,,,,,,,,,,,,,,
,,,,,,,,,,,,,,
,,,,,,,,,,,,,,
,,,,,,,,,,,,,,
,,,,,,,,,,,,,,
,,,,,,,,,,,,,,
,,,,,,,,,,,,,,
,,,,,,,,,,,,,,
,,,,,,,,,,,,,,
,,,,,,,,,,,,,,
,,,,,,,,,,,,,,
,,,,,,,,,,,,,,
,,,,,,,,,,,,,,
,,,,,,,,,,,,,,
,,,,,,,,,,,,,,
,,,,,,,,,,,,,,
,,,,,,,,,,,,,,
,,,,,,,,,,,,,,
,,,,,,,,,,,,,,
,,,,,,,,,,,,,,
,,,,,,,,,,,,,,
,,,,,,,,,,,,,,
,,,,,,,,,,,,,,
,,,,,,,,,,,,,,
,,,,,,,,,,,,,,
,,,,,,,,,,,,,,
,,,,,,,,,,,,,,
,,,,,,,,,,,,,,
,,,,,,,,,,,,,,
,,,,,,,,,,,,,,
,,,,,,,,,,,,,,
,,,,,,,,,,,,,,
,,,,,,,,,,,,,,
,,,,,,,,,,,,,,
,,,,,,,,,,,,,,
,,,,,,,,,,,,,,
,,,,,,,,,,,,,,
,,,,,,,,,,,,,,
,,,,,,,,,,,,,,
,,,,,,,,,,,,,,
,,,,,,,,,,,,,,
,,,,,,,,,,,,,,
,,,,,,,,,,,,,,
,,,,,,,,,,,,,,
,,,,,,,,,,,,,,
,,,,,,,,,,,,,,
,,,,,,,,,,,,,,
,,,,,,,,,,,,,,
,,,,,,,,,,,,,,
,,,,,,,,,,,,,,
,,,,,,,,,,,,,,
,,,,,,,,,,,,,,
,,,,,,,,,,,,,,
,,,,,,,,,,,,,,
,,,,,,,,,,,,,,
,,,,,,,,,,,,,,
,,,,,,,,,,,,,,
,,,,,,,,,,,,,,
,,,,,,,,,,,,,,
,,,,,,,,,,,,,,
,,,,,,,,,,,,,,
,,,,,,,,,,,,,,
,,,,,,,,,,,,,,
,,,,,,,,,,,,,,
,,,,,,,,,,,,,,
,,,,,,,,,,,,,,
,,,,,,,,,,,,,,
,,,,,,,,,,,,,,
,,,,,,,,,,,,,,
,,,,,,,,,,,,,,
,,,,,,,,,,,,,,
,,,,,,,,,,,,,,
,,,,,,,,,,,,,,
,,,,,,,,,,,,,,
,,,,,,,,,,,,,,
,,,,,,,,,,,,,,
,,,,,,,,,,,,,,
,,,,,,,,,,,,,,
,,,,,,,,,,,,,,
,,,,,,,,,,,,,,
,,,,,,,,,,,,,,
,,,,,,,,,,,,,,
,,,,,,,,,,,,,,
,,,,,,,,,,,,,,
,,,,,,,,,,,,,,
,,,,,,,,,,,,,,
,,,,,,,,,,,,,,
,,,,,,,,,,,,,,
,,,,,,,,,,,,,,
,,,,,,,,,,,,,,
,,,,,,,,,,,,,,
,,,,,,,,,,,,,,
,,,,,,,,,,,,,,
,,,,,,,,,,,,,,
,,,,,,,,,,,,,,
,,,,,,,,,,,,,,
,,,,,,,,,,,,,,
,,,,,,,,,,,,,,
,,,,,,,,,,,,,,
,,,,,,,,,,,,,,
,,,,,,,,,,,,,,
,,,,,,,,,,,,,,
,,,,,,,,,,,,,,
,,,,,,,,,,,,,,
,,,,,,,,,,,,,,
,,,,,,,,,,,,,,
,,,,,,,,,,,,,,
,,,,,,,,,,,,,,
,,,,,,,,,,,,,,
,,,,,,,,,,,,,,
,,,,,,,,,,,,,,
,,,,,,,,,,,,,,
,,,,,,,,,,,,,,
,,,,,,,,,,,,,,
,,,,,,,,,,,,,,
,,,,,,,,,,,,,,
,,,,,,,,,,,,,,
,,,,,,,,,,,,,,
,,,,,,,,,,,,,,
,,,,,,,,,,,,,,
,,,,,,,,,,,,,,
,,,,,,,,,,,,,,
,,,,,,,,,,,,,,
,,,,,,,,,,,,,,
,,,,,,,,,,,,,,
,,,,,,,,,,,,,,
,,,,,,,,,,,,,,
,,,,,,,,,,,,,,
,,,,,,,,,,,,,,
,,,,,,,,,,,,,,
,,,,,,,,,,,,,,
,,,,,,,,,,,,,,
,,,,,,,,,,,,,,
,,,,,,,,,,,,,,
,,,,,,,,,,,,,,
,,,,,,,,,,,,,,
,,,,,,,,,,,,,,
,,,,,,,,,,,,,,
,,,,,,,,,,,,,,
,,,,,,,,,,,,,,
,,,,,,,,,,,,,,
,,,,,,,,,,,,,,
,,,,,,,,,,,,,,
,,,,,,,,,,,,,,
,,,,,,,,,,,,,,
,,,,,,,,,,,,,,
,,,,,,,,,,,,,,
,,,,,,,,,,,,,,
,,,,,,,,,,,,,,
,,,,,,,,,,,,,,
,,,,,,,,,,,,,,
,,,,,,,,,,,,,,
,,,,,,,,,,,,,,
,,,,,,,,,,,,,,
,,,,,,,,,,,,,,
,,,,,,,,,,,,,,
,,,,,,,,,,,,,,
,,,,,,,,,,,,,,
,,,,,,,,,,,,,,
,,,,,,,,,,,,,,
,,,,,,,,,,,,,,
,,,,,,,,,,,,,,
,,,,,,,,,,,,,,
,,,,,,,,,,,,,,
,,,,,,,,,,,,,,
,,,,,,,,,,,,,,
,,,,,,,,,,,,,,
,,,,,,,,,,,,,,
,,,,,,,,,,,,,,
,,,,,,,,,,,,,,
,,,,,,,,,,,,,,
,,,,,,,,,,,,,,
,,,,,,,,,,,,,,
,,,,,,,,,,,,,,
,,,,,,,,,,,,,,
,,,,,,,,,,,,,,
,,,,,,,,,,,,,,
,,,,,,,,,,,,,,
,,,,,,,,,,,,,,
,,,,,,,,,,,,,,
,,,,,,,,,,,,,,
,,,,,,,,,,,,,,
,,,,,,,,,,,,,,
,,,,,,,,,,,,,,
,,,,,,,,,,,,,,
,,,,,,,,,,,,,,
,,,,,,,,,,,,,,
,,,,,,,,,,,,,,
,,,,,,,,,,,,,,
,,,,,,,,,,,,,,
,,,,,,,,,,,,,,
,,,,,,,,,,,,,,
,,,,,,,,,,,,,,
,,,,,,,,,,,,,,
,,,,,,,,,,,,,,
,,,,,,,,,,,,,,
,,,,,,,,,,,,,,
,,,,,,,,,,,,,,
,,,,,,,,,,,,,,
,,,,,,,,,,,,,,
,,,,,,,,,,,,,,
,,,,,,,,,,,,,,
,,,,,,,,,,,,,,
,,,,,,,,,,,,,,
,,,,,,,,,,,,,,
,,,,,,,,,,,,,,
,,,,,,,,,,,,,,
,,,,,,,,,,,,,,
,,,,,,,,,,,,,,
,,,,,,,,,,,,,,
,,,,,,,,,,,,,,
,,,,,,,,,,,,,,
,,,,,,,,,,,,,,
,,,,,,,,,,,,,,
,,,,,,,,,,,,,,
,,,,,,,,,,,,,,
,,,,,,,,,,,,,,
,,,,,,,,,,,,,,
,,,,,,,,,,,,,,
,,,,,,,,,,,,,,
,,,,,,,,,,,,,,
,,,,,,,,,,,,,,
,,,,,,,,,,,,,,
,,,,,,,,,,,,,,
,,,,,,,,,,,,,,
,,,,,,,,,,,,,,
,,,,,,,,,,,,,,
,,,,,,,,,,,,,,
,,,,,,,,,,,,,,
,,,,,,,,,,,,,,
,,,,,,,,,,,,,,
,,,,,,,,,,,,,,
,,,,,,,,,,,,,,
,,,,,,,,,,,,,,
,,,,,,,,,,,,,,
,,,,,,,,,,,,,,
,,,,,,,,,,,,,,
,,,,,,,,,,,,,,
,,,,,,,,,,,,,,
,,,,,,,,,,,,,,
,,,,,,,,,,,,,,
,,,,,,,,,,,,,,
,,,,,,,,,,,,,,
,,,,,,,,,,,,,,
,,,,,,,,,,,,,,
,,,,,,,,,,,,,,
,,,,,,,,,,,,,,
,,,,,,,,,,,,,,
,,,,,,,,,,,,,,
,,,,,,,,,,,,,,
,,,,,,,,,,,,,,
,,,,,,,,,,,,,,
,,,,,,,,,,,,,,
,,,,,,,,,,,,,,
,,,,,,,,,,,,,,
,,,,,,,,,,,,,,
,,,,,,,,,,,,,,
,,,,,,,,,,,,,,
,,,,,,,,,,,,,,
,,,,,,,,,,,,,,
,,,,,,,,,,,,,,
,,,,,,,,,,,,,,
,,,,,,,,,,,,,,
,,,,,,,,,,,,,,
,,,,,,,,,,,,,,
,,,,,,,,,,,,,,
,,,,,,,,,,,,,,
,,,,,,,,,,,,,,
,,,,,,,,,,,,,,
,,,,,,,,,,,,,,
,,,,,,,,,,,,,,
,,,,,,,,,,,,,,
,,,,,,,,,,,,,,
,,,,,,,,,,,,,,
,,,,,,,,,,,,,,
,,,,,,,,,,,,,,
,,,,,,,,,,,,,,
,,,,,,,,,,,,,,
,,,,,,,,,,,,,,
,,,,,,,,,,,,,,
,,,,,,,,,,,,,,
,,,,,,,,,,,,,,
,,,,,,,,,,,,,,
,,,,,,,,,,,,,,
,,,,,,,,,,,,,,
,,,,,,,,,,,,,,
,,,,,,,,,,,,,,
,,,,,,,,,,,,,,
,,,,,,,,,,,,,,
,,,,,,,,,,,,,,
,,,,,,,,,,,,,,
,,,,,,,,,,,,,,
,,,,,,,,,,,,,,
,,,,,,,,,,,,,,
,,,,,,,,,,,,,,
,,,,,,,,,,,,,,
,,,,,,,,,,,,,,
,,,,,,,,,,,,,,
,,,,,,,,,,,,,,
,,,,,,,,,,,,,,
,,,,,,,,,,,,,,
,,,,,,,,,,,,,,
,,,,,,,,,,,,,,
,,,,,,,,,,,,,,
,,,,,,,,,,,,,,
,,,,,,,,,,,,,,
,,,,,,,,,,,,,,
,,,,,,,,,,,,,,
,,,,,,,,,,,,,,
,,,,,,,,,,,,,,
,,,,,,,,,,,,,,
,,,,,,,,,,,,,,
,,,,,,,,,,,,,,
,,,,,,,,,,,,,,
,,,,,,,,,,,,,,
,,,,,,,,,,,,,,
,,,,,,,,,,,,,,
,,,,,,,,,,,,,,
,,,,,,,,,,,,,,
,,,,,,,,,,,,,,
,,,,,,,,,,,,,,
,,,,,,,,,,,,,,
,,,,,,,,,,,,,,
,,,,,,,,,,,,,,
,,,,,,,,,,,,,,
,,,,,,,,,,,,,,
,,,,,,,,,,,,,,
,,,,,,,,,,,,,,
,,,,,,,,,,,,,,
,,,,,,,,,,,,,,
,,,,,,,,,,,,,,
,,,,,,,,,,,,,,
,,,,,,,,,,,,,,
,,,,,,,,,,,,,,
,,,,,,,,,,,,,,
,,,,,,,,,,,,,,
,,,,,,,,,,,,,,
,,,,,,,,,,,,,,
,,,,,,,,,,,,,,
,,,,,,,,,,,,,,
,,,,,,,,,,,,,,
,,,,,,,,,,,,,,
,,,,,,,,,,,,,,
,,,,,,,,,,,,,,
,,,,,,,,,,,,,,
,,,,,,,,,,,,,,
,,,,,,,,,,,,,,
,,,,,,,,,,,,,,
,,,,,,,,,,,,,,
,,,,,,,,,,,,,,
,,,,,,,,,,,,,,
,,,,,,,,,,,,,,
,,,,,,,,,,,,,,
,,,,,,,,,,,,,,
,,,,,,,,,,,,,,
,,,,,,,,,,,,,,
,,,,,,,,,,,,,,
,,,,,,,,,,,,,,
,,,,,,,,,,,,,,
,,,,,,,,,,,,,,
,,,,,,,,,,,,,,
,,,,,,,,,,,,,,
,,,,,,,,,,,,,,
,,,,,,,,,,,,,,
,,,,,,,,,,,,,,
,,,,,,,,,,,,,,
,,,,,,,,,,,,,,
,,,,,,,,,,,,,,
,,,,,,,,,,,,,,
,,,,,,,,,,,,,,
,,,,,,,,,,,,,,
,,,,,,,,,,,,,,
,,,,,,,,,,,,,,
,,,,,,,,,,,,,,
,,,,,,,,,,,,,,
,,,,,,,,,,,,,,
,,,,,,,,,,,,,,
,,,,,,,,,,,,,,
,,,,,,,,,,,,,,
,,,,,,,,,,,,,,
,,,,,,,,,,,,,,
,,,,,,,,,,,,,,
,,,,,,,,,,,,,,
,,,,,,,,,,,,,,
,,,,,,,,,,,,,,
,,,,,,,,,,,,,,
,,,,,,,,,,,,,,
,,,,,,,,,,,,,,
,,,,,,,,,,,,,,
,,,,,,,,,,,,,,
,,,,,,,,,,,,,,
,,,,,,,,,,,,,,
,,,,,,,,,,,,,,
,,,,,,,,,,,,,,
,,,,,,,,,,,,,,
,,,,,,,,,,,,,,
,,,,,,,,,,,,,,
,,,,,,,,,,,,,,
,,,,,,,,,,,,,,
,,,,,,,,,,,,,,
,,,,,,,,,,,,,,
,,,,,,,,,,,,,,
,,,,,,,,,,,,,,
,,,,,,,,,,,,,,
,,,,,,,,,,,,,,
,,,,,,,,,,,,,,
,,,,,,,,,,,,,,
,,,,,,,,,,,,,,
,,,,,,,,,,,,,,
,,,,,,,,,,,,,,
,,,,,,,,,,,,,,
,,,,,,,,,,,,,,
,,,,,,,,,,,,,,
,,,,,,,,,,,,,,
,,,,,,,,,,,,,,
,,,,,,,,,,,,,,
,,,,,,,,,,,,,,
,,,,,,,,,,,,,,
,,,,,,,,,,,,,,
,,,,,,,,,,,,,,
,,,,,,,,,,,,,,
,,,,,,,,,,,,,,
,,,,,,,,,,,,,,
,,,,,,,,,,,,,,
,,,,,,,,,,,,,,
,,,,,,,,,,,,,,
,,,,,,,,,,,,,,
,,,,,,,,,,,,,,
,,,,,,,,,,,,,,
,,,,,,,,,,,,,,
,,,,,,,,,,,,,,
,,,,,,,,,,,,,,
,,,,,,,,,,,,,,
,,,,,,,,,,,,,,
,,,,,,,,,,,,,,
,,,,,,,,,,,,,,
,,,,,,,,,,,,,,
,,,,,,,,,,,,,,
,,,,,,,,,,,,,,
,,,,,,,,,,,,,,
,,,,,,,,,,,,,,
,,,,,,,,,,,,,,
,,,,,,,,,,,,,,
,,,,,,,,,,,,,,
,,,,,,,,,,,,,,
,,,,,,,,,,,,,,
,,,,,,,,,,,,,,
,,,,,,,,,,,,,,
,,,,,,,,,,,,,,
,,,,,,,,,,,,,,
,,,,,,,,,,,,,,
,,,,,,,,,,,,,,
,,,,,,,,,,,,,,
,,,,,,,,,,,,,,
,,,,,,,,,,,,,,
,,,,,,,,,,,,,,
,,,,,,,,,,,,,,
,,,,,,,,,,,,,,
,,,,,,,,,,,,,,
,,,,,,,,,,,,,,
,,,,,,,,,,,,,,
,,,,,,,,,,,,,,
,,,,,,,,,,,,,,
,,,,,,,,,,,,,,
,,,,,,,,,,,,,,
,,,,,,,,,,,,,,
,,,,,,,,,,,,,,
,,,,,,,,,,,,,,
,,,,,,,,,,,,,,
,,,,,,,,,,,,,,
,,,,,,,,,,,,,,
,,,,,,,,,,,,,,
,,,,,,,,,,,,,,
,,,,,,,,,,,,,,
,,,,,,,,,,,,,,
,,,,,,,,,,,,,,
,,,,,,,,,,,,,,
,,,,,,,,,,,,,,
,,,,,,,,,,,,,,
,,,,,,,,,,,,,,
,,,,,,,,,,,,,,
,,,,,,,,,,,,,,
,,,,,,,,,,,,,,
,,,,,,,,,,,,,,
,,,,,,,,,,,,,,
,,,,,,,,,,,,,,
,,,,,,,,,,,,,,
,,,,,,,,,,,,,,
,,,,,,,,,,,,,,
,,,,,,,,,,,,,,
,,,,,,,,,,,,,,
,,,,,,,,,,,,,,
,,,,,,,,,,,,,,
,,,,,,,,,,,,,,
,,,,,,,,,,,,,,
,,,,,,,,,,,,,,
,,,,,,,,,,,,,,
,,,,,,,,,,,,,,
,,,,,,,,,,,,,,
,,,,,,,,,,,,,,
,,,,,,,,,,,,,,
,,,,,,,,,,,,,,
,,,,,,,,,,,,,,
,,,,,,,,,,,,,,
,,,,,,,,,,,,,,
,,,,,,,,,,,,,,
,,,,,,,,,,,,,,
,,,,,,,,,,,,,,
,,,,,,,,,,,,,,
,,,,,,,,,,,,,,
,,,,,,,,,,,,,,
,,,,,,,,,,,,,,
,,,,,,,,,,,,,,
,,,,,,,,,,,,,,
,,,,,,,,,,,,,,
,,,,,,,,,,,,,,
,,,,,,,,,,,,,,
,,,,,,,,,,,,,,
,,,,,,,,,,,,,,
,,,,,,,,,,,,,,
,,,,,,,,,,,,,,
,,,,,,,,,,,,,,
,,,,,,,,,,,,,,
,,,,,,,,,,,,,,
,,,,,,,,,,,,,,
,,,,,,,,,,,,,,
,,,,,,,,,,,,,,
,,,,,,,,,,,,,,
,,,,,,,,,,,,,,
,,,,,,,,,,,,,,
,,,,,,,,,,,,,,
,,,,,,,,,,,,,,
,,,,,,,,,,,,,,
,,,,,,,,,,,,,,
,,,,,,,,,,,,,,
,,,,,,,,,,,,,,
,,,,,,,,,,,,,,
,,,,,,,,,,,,,,
,,,,,,,,,,,,,,
,,,,,,,,,,,,,,
,,,,,,,,,,,,,,
,,,,,,,,,,,,,,
,,,,,,,,,,,,,,
,,,,,,,,,,,,,,
,,,,,,,,,,,,,,
,,,,,,,,,,,,,,
,,,,,,,,,,,,,,
,,,,,,,,,,,,,,
,,,,,,,,,,,,,,
,,,,,,,,,,,,,,
,,,,,,,,,,,,,,
,,,,,,,,,,,,,,
,,,,,,,,,,,,,,
,,,,,,,,,,,,,,
,,,,,,,,,,,,,,
,,,,,,,,,,,,,,
,,,,,,,,,,,,,,
,,,,,,,,,,,,,,
,,,,,,,,,,,,,,
,,,,,,,,,,,,,,
,,,,,,,,,,,,,,
,,,,,,,,,,,,,,
,,,,,,,,,,,,,,
,,,,,,,,,,,,,,
,,,,,,,,,,,,,,
,,,,,,,,,,,,,,
,,,,,,,,,,,,,,
,,,,,,,,,,,,,,
,,,,,,,,,,,,,,
,,,,,,,,,,,,,,
,,,,,,,,,,,,,,
,,,,,,,,,,,,,,
,,,,,,,,,,,,,,
,,,,,,,,,,,,,,
,,,,,,,,,,,,,,
,,,,,,,,,,,,,,
,,,,,,,,,,,,,,
,,,,,,,,,,,,,,
,,,,,,,,,,,,,,
,,,,,,,,,,,,,,
,,,,,,,,,,,,,,
,,,,,,,,,,,,,,
,,,,,,,,,,,,,,
,,,,,,,,,,,,,,
,,,,,,,,,,,,,,
,,,,,,,,,,,,,,
,,,,,,,,,,,,,,
,,,,,,,,,,,,,,
,,,,,,,,,,,,,,
,,,,,,,,,,,,,,
,,,,,,,,,,,,,,
,,,,,,,,,,,,,,
,,,,,,,,,,,,,,
,,,,,,,,,,,,,,
,,,,,,,,,,,,,,
,,,,,,,,,,,,,,
,,,,,,,,,,,,,,
,,,,,,,,,,,,,,
,,,,,,,,,,,,,,
,,,,,,,,,,,,,,
,,,,,,,,,,,,,,
,,,,,,,,,,,,,,
,,,,,,,,,,,,,,
,,,,,,,,,,,,,,
,,,,,,,,,,,,,,
,,,,,,,,,,,,,,
,,,,,,,,,,,,,,
,,,,,,,,,,,,,,
,,,,,,,,,,,,,,
,,,,,,,,,,,,,,
,,,,,,,,,,,,,,
,,,,,,,,,,,,,,
,,,,,,,,,,,,,,
,,,,,,,,,,,,,,
,,,,,,,,,,,,,,
,,,,,,,,,,,,,,
,,,,,,,,,,,,,,
,,,,,,,,,,,,,,
,,,,,,,,,,,,,,
,,,,,,,,,,,,,,
,,,,,,,,,,,,,,
,,,,,,,,,,,,,,
,,,,,,,,,,,,,,
,,,,,,,,,,,,,,
,,,,,,,,,,,,,,
,,,,,,,,,,,,,,
,,,,,,,,,,,,,,
,,,,,,,,,,,,,,
,,,,,,,,,,,,,,
,,,,,,,,,,,,,,
,,,,,,,,,,,,,,
,,,,,,,,,,,,,,
,,,,,,,,,,,,,,
,,,,,,,,,,,,,,
,,,,,,,,,,,,,,
,,,,,,,,,,,,,,
,,,,,,,,,,,,,,
,,,,,,,,,,,,,,
,,,,,,,,,,,,,,
,,,,,,,,,,,,,,
,,,,,,,,,,,,,,
,,,,,,,,,,,,,,
,,,,,,,,,,,,,,
,,,,,,,,,,,,,,
,,,,,,,,,,,,,,
,,,,,,,,,,,,,,
,,,,,,,,,,,,,,
,,,,,,,,,,,,,,
,,,,,,,,,,,,,,
,,,,,,,,,,,,,,
,,,,,,,,,,,,,,
,,,,,,,,,,,,,,
,,,,,,,,,,,,,,
,,,,,,,,,,,,,,
,,,,,,,,,,,,,,
,,,,,,,,,,,,,,
,,,,,,,,,,,,,,
,,,,,,,,,,,,,,
,,,,,,,,,,,,,,
,,,,,,,,,,,,,,
,,,,,,,,,,,,,,
,,,,,,,,,,,,,,
,,,,,,,,,,,,,,
,,,,,,,,,,,,,,
,,,,,,,,,,,,,,
,,,,,,,,,,,,,,
,,,,,,,,,,,,,,
,,,,,,,,,,,,,,
,,,,,,,,,,,,,,
,,,,,,,,,,,,,,
,,,,,,,,,,,,,,
,,,,,,,,,,,,,,
,,,,,,,,,,,,,,
,,,,,,,,,,,,,,
,,,,,,,,,,,,,,
,,,,,,,,,,,,,,
,,,,,,,,,,,,,,
,,,,,,,,,,,,,,
,,,,,,,,,,,,,,
,,,,,,,,,,,,,,
,,,,,,,,,,,,,,
,,,,,,,,,,,,,,
,,,,,,,,,,,,,,
,,,,,,,,,,,,,,
,,,,,,,,,,,,,,
,,,,,,,,,,,,,,
,,,,,,,,,,,,,,
,,,,,,,,,,,,,,
,,,,,,,,,,,,,,
,,,,,,,,,,,,,,
,,,,,,,,,,,,,,
,,,,,,,,,,,,,,
,,,,,,,,,,,,,,
,,,,,,,,,,,,,,
,,,,,,,,,,,,,,
,,,,,,,,,,,,,,
,,,,,,,,,,,,,,
,,,,,,,,,,,,,,
,,,,,,,,,,,,,,
,,,,,,,,,,,,,,
,,,,,,,,,,,,,,
,,,,,,,,,,,,,,
,,,,,,,,,,,,,,
,,,,,,,,,,,,,,
,,,,,,,,,,,,,,
,,,,,,,,,,,,,,
,,,,,,,,,,,,,,
,,,,,,,,,,,,,,
,,,,,,,,,,,,,,
,,,,,,,,,,,,,,
,,,,,,,,,,,,,,
,,,,,,,,,,,,,,
,,,,,,,,,,,,,,
,,,,,,,,,,,,,,
,,,,,,,,,,,,,,
,,,,,,,,,,,,,,
,,,,,,,,,,,,,,
,,,,,,,,,,,,,,
,,,,,,,,,,,,,,
,,,,,,,,,,,,,,
,,,,,,,,,,,,,,
,,,,,,,,,,,,,,
,,,,,,,,,,,,,,
,,,,,,,,,,,,,,
,,,,,,,,,,,,,,
,,,,,,,,,,,,,,
,,,,,,,,,,,,,,
,,,,,,,,,,,,,,
,,,,,,,,,,,,,,
,,,,,,,,,,,,,,
,,,,,,,,,,,,,,
,,,,,,,,,,,,,,
,,,,,,,,,,,,,,
,,,,,,,,,,,,,,
,,,,,,,,,,,,,,
,,,,,,,,,,,,,,
,,,,,,,,,,,,,,
,,,,,,,,,,,,,,
,,,,,,,,,,,,,,
,,,,,,,,,,,,,,
,,,,,,,,,,,,,,
,,,,,,,,,,,,,,
,,,,,,,,,,,,,,
,,,,,,,,,,,,,,
,,,,,,,,,,,,,,
,,,,,,,,,,,,,,
,,,,,,,,,,,,,,
,,,,,,,,,,,,,,
,,,,,,,,,,,,,,
,,,,,,,,,,,,,,
,,,,,,,,,,,,,,
,,,,,,,,,,,,,,
,,,,,,,,,,,,,,
,,,,,,,,,,,,,,
,,,,,,,,,,,,,,
,,,,,,,,,,,,,,
,,,,,,,,,,,,,,
,,,,,,,,,,,,,,
,,,,,,,,,,,,,,
,,,,,,,,,,,,,,
,,,,,,,,,,,,,,
,,,,,,,,,,,,,,
,,,,,,,,,,,,,,
,,,,,,,,,,,,,,
,,,,,,,,,,,,,,
,,,,,,,,,,,,,,
,,,,,,,,,,,,,,
,,,,,,,,,,,,,,
,,,,,,,,,,,,,,
,,,,,,,,,,,,,,
,,,,,,,,,,,,,,
,,,,,,,,,,,,,,
,,,,,,,,,,,,,,
,,,,,,,,,,,,,,
,,,,,,,,,,,,,,
,,,,,,,,,,,,,,
,,,,,,,,,,,,,,
,,,,,,,,,,,,,,
,,,,,,,,,,,,,,
,,,,,,,,,,,,,,
,,,,,,,,,,,,,,
,,,,,,,,,,,,,,
,,,,,,,,,,,,,,
,,,,,,,,,,,,,,
,,,,,,,,,,,,,,
,,,,,,,,,,,,,,
,,,,,,,,,,,,,,
,,,,,,,,,,,,,,
,,,,,,,,,,,,,,
,,,,,,,,,,,,,,
,,,,,,,,,,,,,,
,,,,,,,,,,,,,,
,,,,,,,,,,,,,,
,,,,,,,,,,,,,,
,,,,,,,,,,,,,,
,,,,,,,,,,,,,,
,,,,,,,,,,,,,,
,,,,,,,,,,,,,,
,,,,,,,,,,,,,,
,,,,,,,,,,,,,,
,,,,,,,,,,,,,,
,,,,,,,,,,,,,,
,,,,,,,,,,,,,,
,,,,,,,,,,,,,,
,,,,,,,,,,,,,,
,,,,,,,,,,,,,,
,,,,,,,,,,,,,,
,,,,,,,,,,,,,,
,,,,,,,,,,,,,,
,,,,,,,,,,,,,,
,,,,,,,,,,,,,,
,,,,,,,,,,,,,,
,,,,,,,,,,,,,,
,,,,,,,,,,,,,,
,,,,,,,,,,,,,,
,,,,,,,,,,,,,,
,,,,,,,,,,,,,,
,,,,,,,,,,,,,,
,,,,,,,,,,,,,,
,,,,,,,,,,,,,,
,,,,,,,,,,,,,,
,,,,,,,,,,,,,,
,,,,,,,,,,,,,,
,,,,,,,,,,,,,,
,,,,,,,,,,,,,,
,,,,,,,,,,,,,,
,,,,,,,,,,,,,,
,,,,,,,,,,,,,,
,,,,,,,,,,,,,,
,,,,,,,,,,,,,,
,,,,,,,,,,,,,,
,,,,,,,,,,,,,,
,,,,,,,,,,,,,,
,,,,,,,,,,,,,,
,,,,,,,,,,,,,,
,,,,,,,,,,,,,,
,,,,,,,,,,,,,,
,,,,,,,,,,,,,,
,,,,,,,,,,,,,,
,,,,,,,,,,,,,,
,,,,,,,,,,,,,,
,,,,,,,,,,,,,,
,,,,,,,,,,,,,,
,,,,,,,,,,,,,,
,,,,,,,,,,,,,,
,,,,,,,,,,,,,,
,,,,,,,,,,,,,,
,,,,,,,,,,,,,,
,,,,,,,,,,,,,,
,,,,,,,,,,,,,,
,,,,,,,,,,,,,,
,,,,,,,,,,,,,,
,,,,,,,,,,,,,,
,,,,,,,,,,,,,,
,,,,,,,,,,,,,,
,,,,,,,,,,,,,,
,,,,,,,,,,,,,,
,,,,,,,,,,,,,,
,,,,,,,,,,,,,,
,,,,,,,,,,,,,,
,,,,,,,,,,,,,,
,,,,,,,,,,,,,,
,,,,,,,,,,,,,,
,,,,,,,,,,,,,,
,,,,,,,,,,,,,,
,,,,,,,,,,,,,,
,,,,,,,,,,,,,,
,,,,,,,,,,,,,,
,,,,,,,,,,,,,,
,,,,,,,,,,,,,,
,,,,,,,,,,,,,,
,,,,,,,,,,,,,,
,,,,,,,,,,,,,,
,,,,,,,,,,,,,,
,,,,,,,,,,,,,,
,,,,,,,,,,,,,,
,,,,,,,,,,,,,,
,,,,,,,,,,,,,,
,,,,,,,,,,,,,,
,,,,,,,,,,,,,,
,,,,,,,,,,,,,,
,,,,,,,,,,,,,,
,,,,,,,,,,,,,,
,,,,,,,,,,,,,,
,,,,,,,,,,,,,,
,,,,,,,,,,,,,,
,,,,,,,,,,,,,,
,,,,,,,,,,,,,,
,,,,,,,,,,,,,,
,,,,,,,,,,,,,,
,,,,,,,,,,,,,,
,,,,,,,,,,,,,,
,,,,,,,,,,,,,,
,,,,,,,,,,,,,,
,,,,,,,,,,,,,,
,,,,,,,,,,,,,,
,,,,,,,,,,,,,,
,,,,,,,,,,,,,,
,,,,,,,,,,,,,,
,,,,,,,,,,,,,,
,,,,,,,,,,,,,,
,,,,,,,,,,,,,,
,,,,,,,,,,,,,,
,,,,,,,,,,,,,,
,,,,,,,,,,,,,,
,,,,,,,,,,,,,,
,,,,,,,,,,,,,,
,,,,,,,,,,,,,,
,,,,,,,,,,,,,,
,,,,,,,,,,,,,,
,,,,,,,,,,,,,,
,,,,,,,,,,,,,,
,,,,,,,,,,,,,,
,,,,,,,,,,,,,,
,,,,,,,,,,,,,,
,,,,,,,,,,,,,,
,,,,,,,,,,,,,,
,,,,,,,,,,,,,,
,,,,,,,,,,,,,,
,,,,,,,,,,,,,,
,,,,,,,,,,,,,,
,,,,,,,,,,,,,,
,,,,,,,,,,,,,,
,,,,,,,,,,,,,,
,,,,,,,,,,,,,,
,,,,,,,,,,,,,,
,,,,,,,,,,,,,,
,,,,,,,,,,,,,,
,,,,,,,,,,,,,,
,,,,,,,,,,,,,,
,,,,,,,,,,,,,,
,,,,,,,,,,,,,,
,,,,,,,,,,,,,,
,,,,,,,,,,,,,,
,,,,,,,,,,,,,,
,,,,,,,,,,,,,,
,,,,,,,,,,,,,,
,,,,,,,,,,,,,,
,,,,,,,,,,,,,,
,,,,,,,,,,,,,,
,,,,,,,,,,,,,,
,,,,,,,,,,,,,,
,,,,,,,,,,,,,,
,,,,,,,,,,,,,,
,,,,,,,,,,,,,,
,,,,,,,,,,,,,,
,,,,,,,,,,,,,,
,,,,,,,,,,,,,,
,,,,,,,,,,,,,,
,,,,,,,,,,,,,,
,,,,,,,,,,,,,,
,,,,,,,,,,,,,,
,,,,,,,,,,,,,,
,,,,,,,,,,,,,,
,,,,,,,,,,,,,,
,,,,,,,,,,,,,,
,,,,,,,,,,,,,,
,,,,,,,,,,,,,,
,,,,,,,,,,,,,,
,,,,,,,,,,,,,,
,,,,,,,,,,,,,,
,,,,,,,,,,,,,,
,,,,,,,,,,,,,,
,,,,,,,,,,,,,,
,,,,,,,,,,,,,,
,,,,,,,,,,,,,,
,,,,,,,,,,,,,,
,,,,,,,,,,,,,,
,,,,,,,,,,,,,,
,,,,,,,,,,,,,,
,,,,,,,,,,,,,,
,,,,,,,,,,,,,,
,,,,,,,,,,,,,,
,,,,,,,,,,,,,,
,,,,,,,,,,,,,,
,,,,,,,,,,,,,,
,,,,,,,,,,,,,,
,,,,,,,,,,,,,,
,,,,,,,,,,,,,,
,,,,,,,,,,,,,,
,,,,,,,,,,,,,,
,,,,,,,,,,,,,,
,,,,,,,,,,,,,,
,,,,,,,,,,,,,,
,,,,,,,,,,,,,,
,,,,,,,,,,,,,,
,,,,,,,,,,,,,,
,,,,,,,,,,,,,,
,,,,,,,,,,,,,,
,,,,,,,,,,,,,,
,,,,,,,,,,,,,,
,,,,,,,,,,,,,,
,,,,,,,,,,,,,,
,,,,,,,,,,,,,,
,,,,,,,,,,,,,,
,,,,,,,,,,,,,,
,,,,,,,,,,,,,,
,,,,,,,,,,,,,,
,,,,,,,,,,,,,,
,,,,,,,,,,,,,,
,,,,,,,,,,,,,,
,,,,,,,,,,,,,,
,,,,,,,,,,,,,,
,,,,,,,,,,,,,,
,,,,,,,,,,,,,,
,,,,,,,,,,,,,,
,,,,,,,,,,,,,,
,,,,,,,,,,,,,,
,,,,,,,,,,,,,,
,,,,,,,,,,,,,,
,,,,,,,,,,,,,,
,,,,,,,,,,,,,,
,,,,,,,,,,,,,,
,,,,,,,,,,,,,,
,,,,,,,,,,,,,,
,,,,,,,,,,,,,,
,,,,,,,,,,,,,,
,,,,,,,,,,,,,,
,,,,,,,,,,,,,,
,,,,,,,,,,,,,,
,,,,,,,,,,,,,,
,,,,,,,,,,,,,,
,,,,,,,,,,,,,,
,,,,,,,,,,,,,,
,,,,,,,,,,,,,,
,,,,,,,,,,,,,,
,,,,,,,,,,,,,,
,,,,,,,,,,,,,,
,,,,,,,,,,,,,,
,,,,,,,,,,,,,,
,,,,,,,,,,,,,,
,,,,,,,,,,,,,,
,,,,,,,,,,,,,,
,,,,,,,,,,,,,,
,,,,,,,,,,,,,,
,,,,,,,,,,,,,,
,,,,,,,,,,,,,,
,,,,,,,,,,,,,,
,,,,,,,,,,,,,,
,,,,,,,,,,,,,,
,,,,,,,,,,,,,,
,,,,,,,,,,,,,,
,,,,,,,,,,,,,,
,,,,,,,,,,,,,,
,,,,,,,,,,,,,,
,,,,,,,,,,,,,,
,,,,,,,,,,,,,,
,,,,,,,,,,,,,,
,,,,,,,,,,,,,,
,,,,,,,,,,,,,,
,,,,,,,,,,,,,,
,,,,,,,,,,,,,,
,,,,,,,,,,,,,,
,,,,,,,,,,,,,,
,,,,,,,,,,,,,,
,,,,,,,,,,,,,,
,,,,,,,,,,,,,,
,,,,,,,,,,,,,,
,,,,,,,,,,,,,,
,,,,,,,,,,,,,,
,,,,,,,,,,,,,,
,,,,,,,,,,,,,,
,,,,,,,,,,,,,,
,,,,,,,,,,,,,,
,,,,,,,,,,,,,,
,,,,,,,,,,,,,,
,,,,,,,,,,,,,,
,,,,,,,,,,,,,,
,,,,,,,,,,,,,,
,,,,,,,,,,,,,,
,,,,,,,,,,,,,,
,,,,,,,,,,,,,,
,,,,,,,,,,,,,,
,,,,,,,,,,,,,,
,,,,,,,,,,,,,,
,,,,,,,,,,,,,,
,,,,,,,,,,,,,,
,,,,,,,,,,,,,,
,,,,,,,,,,,,,,
,,,,,,,,,,,,,,
,,,,,,,,,,,,,,
,,,,,,,,,,,,,,
,,,,,,,,,,,,,,
,,,,,,,,,,,,,,
,,,,,,,,,,,,,,
,,,,,,,,,,,,,,
,,,,,,,,,,,,,,
,,,,,,,,,,,,,,
,,,,,,,,,,,,,,
,,,,,,,,,,,,,,
,,,,,,,,,,,,,,
,,,,,,,,,,,,,,
,,,,,,,,,,,,,,
,,,,,,,,,,,,,,
,,,,,,,,,,,,,,
,,,,,,,,,,,,,,
,,,,,,,,,,,,,,
,,,,,,,,,,,,,,
,,,,,,,,,,,,,,
,,,,,,,,,,,,,,
,,,,,,,,,,,,,,
,,,,,,,,,,,,,,
,,,,,,,,,,,,,,
,,,,,,,,,,,,,,
,,,,,,,,,,,,,,
,,,,,,,,,,,,,,
,,,,,,,,,,,,,,
,,,,,,,,,,,,,,
,,,,,,,,,,,,,,
,,,,,,,,,,,,,,
,,,,,,,,,,,,,,
,,,,,,,,,,,,,,
,,,,,,,,,,,,,,
,,,,,,,,,,,,,,
,,,,,,,,,,,,,,
,,,,,,,,,,,,,,
,,,,,,,,,,,,,,
,,,,,,,,,,,,,,
,,,,,,,,,,,,,,
,,,,,,,,,,,,,,
,,,,,,,,,,,,,,
,,,,,,,,,,,,,,
,,,,,,,,,,,,,,
,,,,,,,,,,,,,,
,,,,,,,,,,,,,,
,,,,,,,,,,,,,,
,,,,,,,,,,,,,,
,,,,,,,,,,,,,,
,,,,,,,,,,,,,,
,,,,,,,,,,,,,,
,,,,,,,,,,,,,,
,,,,,,,,,,,,,,
,,,,,,,,,,,,,,
,,,,,,,,,,,,,,
,,,,,,,,,,,,,,
,,,,,,,,,,,,,,
,,,,,,,,,,,,,,
,,,,,,,,,,,,,,
,,,,,,,,,,,,,,
,,,,,,,,,,,,,,
,,,,,,,,,,,,,,
,,,,,,,,,,,,,,
,,,,,,,,,,,,,,
,,,,,,,,,,,,,,
,,,,,,,,,,,,,,
,,,,,,,,,,,,,,
,,,,,,,,,,,,,,
,,,,,,,,,,,,,,
,,,,,,,,,,,,,,
,,,,,,,,,,,,,,
,,,,,,,,,,,,,,
,,,,,,,,,,,,,,
,,,,,,,,,,,,,,
,,,,,,,,,,,,,,
,,,,,,,,,,,,,,
,,,,,,,,,,,,,,
,,,,,,,,,,,,,,
,,,,,,,,,,,,,,
,,,,,,,,,,,,,,
,,,,,,,,,,,,,,
,,,,,,,,,,,,,,
,,,,,,,,,,,,,,
,,,,,,,,,,,,,,
,,,,,,,,,,,,,,
,,,,,,,,,,,,,,
,,,,,,,,,,,,,,
,,,,,,,,,,,,,,
,,,,,,,,,,,,,,
,,,,,,,,,,,,,,
,,,,,,,,,,,,,,
,,,,,,,,,,,,,,
,,,,,,,,,,,,,,
,,,,,,,,,,,,,,
,,,,,,,,,,,,,,
,,,,,,,,,,,,,,
,,,,,,,,,,,,,,
,,,,,,,,,,,,,,
,,,,,,,,,,,,,,
,,,,,,,,,,,,,,
,,,,,,,,,,,,,,
,,,,,,,,,,,,,,
,,,,,,,,,,,,,,
,,,,,,,,,,,,,,
,,,,,,,,,,,,,,
,,,,,,,,,,,,,,
,,,,,,,,,,,,,,
,,,,,,,,,,,,,,
,,,,,,,,,,,,,,
,,,,,,,,,,,,,,
,,,,,,,,,,,,,,
,,,,,,,,,,,,,,
,,,,,,,,,,,,,,
,,,,,,,,,,,,,,
,,,,,,,,,,,,,,
,,,,,,,,,,,,,,
,,,,,,,,,,,,,,
,,,,,,,,,,,,,,
,,,,,,,,,,,,,,
,,,,,,,,,,,,,,
,,,,,,,,,,,,,,
,,,,,,,,,,,,,,
,,,,,,,,,,,,,,
,,,,,,,,,,,,,,
,,,,,,,,,,,,,,
,,,,,,,,,,,,,,
,,,,,,,,,,,,,,
,,,,,,,,,,,,,,
,,,,,,,,,,,,,,
,,,,,,,,,,,,,,
,,,,,,,,,,,,,,
,,,,,,,,,,,,,,
,,,,,,,,,,,,,,
,,,,,,,,,,,,,,
,,,,,,,,,,,,,,
,,,,,,,,,,,,,,
,,,,,,,,,,,,,,
,,,,,,,,,,,,,,
,,,,,,,,,,,,,,
,,,,,,,,,,,,,,
,,,,,,,,,,,,,,
,,,,,,,,,,,,,,
,,,,,,,,,,,,,,
,,,,,,,,,,,,,,
,,,,,,,,,,,,,,
,,,,,,,,,,,,,,
,,,,,,,,,,,,,,
,,,,,,,,,,,,,,
,,,,,,,,,,,,,,
,,,,,,,,,,,,,,
,,,,,,,,,,,,,,
,,,,,,,,,,,,,,
,,,,,,,,,,,,,,
,,,,,,,,,,,,,,
,,,,,,,,,,,,,,
,,,,,,,,,,,,,,
,,,,,,,,,,,,,,
,,,,,,,,,,,,,,
,,,,,,,,,,,,,,
,,,,,,,,,,,,,,
,,,,,,,,,,,,,,
,,,,,,,,,,,,,,
,,,,,,,,,,,,,,
,,,,,,,,,,,,,,
,,,,,,,,,,,,,,
,,,,,,,,,,,,,,
,,,,,,,,,,,,,,
,,,,,,,,,,,,,,
,,,,,,,,,,,,,,
,,,,,,,,,,,,,,
,,,,,,,,,,,,,,
,,,,,,,,,,,,,,
,,,,,,,,,,,,,,
,,,,,,,,,,,,,,
,,,,,,,,,,,,,,
,,,,,,,,,,,,,,
,,,,,,,,,,,,,,
,,,,,,,,,,,,,,
,,,,,,,,,,,,,,
,,,,,,,,,,,,,,
,,,,,,,,,,,,,,
,,,,,,,,,,,,,,
,,,,,,,,,,,,,,
,,,,,,,,,,,,,,
,,,,,,,,,,,,,,
,,,,,,,,,,,,,,
,,,,,,,,,,,,,,
,,,,,,,,,,,,,,
,,,,,,,,,,,,,,
,,,,,,,,,,,,,,
,,,,,,,,,,,,,,
,,,,,,,,,,,,,,
,,,,,,,,,,,,,,
,,,,,,,,,,,,,,
,,,,,,,,,,,,,,
,,,,,,,,,,,,,,
,,,,,,,,,,,,,,
,,,,,,,,,,,,,,
,,,,,,,,,,,,,,
,,,,,,,,,,,,,,
,,,,,,,,,,,,,,
,,,,,,,,,,,,,,
,,,,,,,,,,,,,,
,,,,,,,,,,,,,,
,,,,,,,,,,,,,,
,,,,,,,,,,,,,,
,,,,,,,,,,,,,,
,,,,,,,,,,,,,,
,,,,,,,,,,,,,,
,,,,,,,,,,,,,,
,,,,,,,,,,,,,,
,,,,,,,,,,,,,,
,,,,,,,,,,,,,,
,,,,,,,,,,,,,,
,,,,,,,,,,,,,,
,,,,,,,,,,,,,,
,,,,,,,,,,,,,,
,,,,,,,,,,,,,,
,,,,,,,,,,,,,,
,,,,,,,,,,,,,,
,,,,,,,,,,,,,,
,,,,,,,,,,,,,,
,,,,,,,,,,,,,,
,,,,,,,,,,,,,,
,,,,,,,,,,,,,,
,,,,,,,,,,,,,,
,,,,,,,,,,,,,,
,,,,,,,,,,,,,,
,,,,,,,,,,,,,,
,,,,,,,,,,,,,,
,,,,,,,,,,,,,,
,,,,,,,,,,,,,,
,,,,,,,,,,,,,,
,,,,,,,,,,,,,,
,,,,,,,,,,,,,,
,,,,,,,,,,,,,,
,,,,,,,,,,,,,,
,,,,,,,,,,,,,,
,,,,,,,,,,,,,,
,,,,,,,,,,,,,,
,,,,,,,,,,,,,,
,,,,,,,,,,,,,,
,,,,,,,,,,,,,,
,,,,,,,,,,,,,,
,,,,,,,,,,,,,,
,,,,,,,,,,,,,,
,,,,,,,,,,,,,,
,,,,,,,,,,,,,,
,,,,,,,,,,,,,,
,,,,,,,,,,,,,,
,,,,,,,,,,,,,,
,,,,,,,,,,,,,,
,,,,,,,,,,,,,,
,,,,,,,,,,,,,,
,,,,,,,,,,,,,,
,,,,,,,,,,,,,,
,,,,,,,,,,,,,,
,,,,,,,,,,,,,,
,,,,,,,,,,,,,,
,,,,,,,,,,,,,,
,,,,,,,,,,,,,,
,,,,,,,,,,,,,,
,,,,,,,,,,,,,,
,,,,,,,,,,,,,,
,,,,,,,,,,,,,,
,,,,,,,,,,,,,,
,,,,,,,,,,,,,,
,,,,,,,,,,,,,,
,,,,,,,,,,,,,,
,,,,,,,,,,,,,,
,,,,,,,,,,,,,,
,,,,,,,,,,,,,,
,,,,,,,,,,,,,,
,,,,,,,,,,,,,,
,,,,,,,,,,,,,,
,,,,,,,,,,,,,,
,,,,,,,,,,,,,,
,,,,,,,,,,,,,,
,,,,,,,,,,,,,,
,,,,,,,,,,,,,,
,,,,,,,,,,,,,,
,,,,,,,,,,,,,,
,,,,,,,,,,,,,,
,,,,,,,,,,,,,,
,,,,,,,,,,,,,,
,,,,,,,,,,,,,,
,,,,,,,,,,,,,,
,,,,,,,,,,,,,,
,,,,,,,,,,,,,,
,,,,,,,,,,,,,,
,,,,,,,,,,,,,,
,,,,,,,,,,,,,,
,,,,,,,,,,,,,,
,,,,,,,,,,,,,,
,,,,,,,,,,,,,,
,,,,,,,,,,,,,,
,,,,,,,,,,,,,,
,,,,,,,,,,,,,,
,,,,,,,,,,,,,,
,,,,,,,,,,,,,,
,,,,,,,,,,,,,,
,,,,,,,,,,,,,,
,,,,,,,,,,,,,,
,,,,,,,,,,,,,,
,,,,,,,,,,,,,,
,,,,,,,,,,,,,,
,,,,,,,,,,,,,,
,,,,,,,,,,,,,,
,,,,,,,,,,,,,,
,,,,,,,,,,,,,,
,,,,,,,,,,,,,,
,,,,,,,,,,,,,,
,,,,,,,,,,,,,,
,,,,,,,,,,,,,,
,,,,,,,,,,,,,,
,,,,,,,,,,,,,,
,,,,,,,,,,,,,,
,,,,,,,,,,,,,,
,,,,,,,,,,,,,,
,,,,,,,,,,,,,,
,,,,,,,,,,,,,,
,,,,,,,,,,,,,,
,,,,,,,,,,,,,,
,,,,,,,,,,,,,,
,,,,,,,,,,,,,,
,,,,,,,,,,,,,,
,,,,,,,,,,,,,,
,,,,,,,,,,,,,,
,,,,,,,,,,,,,,
,,,,,,,,,,,,,,
,,,,,,,,,,,,,,
,,,,,,,,,,,,,,
,,,,,,,,,,,,,,
,,,,,,,,,,,,,,
,,,,,,,,,,,,,,
,,,,,,,,,,,,,,
,,,,,,,,,,,,,,
,,,,,,,,,,,,,,
,,,,,,,,,,,,,,
,,,,,,,,,,,,,,
,,,,,,,,,,,,,,
,,,,,,,,,,,,,,
,,,,,,,,,,,,,,
,,,,,,,,,,,,,,
,,,,,,,,,,,,,,
,,,,,,,,,,,,,,
,,,,,,,,,,,,,,
,,,,,,,,,,,,,,
,,,,,,,,,,,,,,
,,,,,,,,,,,,,,
,,,,,,,,,,,,,,
,,,,,,,,,,,,,,
,,,,,,,,,,,,,,
,,,,,,,,,,,,,,
,,,,,,,,,,,,,,
,,,,,,,,,,,,,,
,,,,,,,,,,,,,,
,,,,,,,,,,,,,,
,,,,,,,,,,,,,,
,,,,,,,,,,,,,,
,,,,,,,,,,,,,,
,,,,,,,,,,,,,,
,,,,,,,,,,,,,,
,,,,,,,,,,,,,,
,,,,,,,,,,,,,,
,,,,,,,,,,,,,,
,,,,,,,,,,,,,,
,,,,,,,,,,,,,,
,,,,,,,,,,,,,,
,,,,,,,,,,,,,,
,,,,,,,,,,,,,,
,,,,,,,,,,,,,,
,,,,,,,,,,,,,,
,,,,,,,,,,,,,,
,,,,,,,,,,,,,,
,,,,,,,,,,,,,,
,,,,,,,,,,,,,,
,,,,,,,,,,,,,,
,,,,,,,,,,,,,,
,,,,,,,,,,,,,,
,,,,,,,,,,,,,,
,,,,,,,,,,,,,,
,,,,,,,,,,,,,,
,,,,,,,,,,,,,,
,,,,,,,,,,,,,,
,,,,,,,,,,,,,,
,,,,,,,,,,,,,,
,,,,,,,,,,,,,,
,,,,,,,,,,,,,,
,,,,,,,,,,,,,,
,,,,,,,,,,,,,,
,,,,,,,,,,,,,,
,,,,,,,,,,,,,,
,,,,,,,,,,,,,,
,,,,,,,,,,,,,,
,,,,,,,,,,,,,,
,,,,,,,,,,,,,,
,,,,,,,,,,,,,,
,,,,,,,,,,,,,,
,,,,,,,,,,,,,,
,,,,,,,,,,,,,,
,,,,,,,,,,,,,,
,,,,,,,,,,,,,,
,,,,,,,,,,,,,,
,,,,,,,,,,,,,,
,,,,,,,,,,,,,,
,,,,,,,,,,,,,,
,,,,,,,,,,,,,,
,,,,,,,,,,,,,,
,,,,,,,,,,,,,,
,,,,,,,,,,,,,,
,,,,,,,,,,,,,,
,,,,,,,,,,,,,,
,,,,,,,,,,,,,,
,,,,,,,,,,,,,,
,,,,,,,,,,,,,,
,,,,,,,,,,,,,,
,,,,,,,,,,,,,,
,,,,,,,,,,,,,,
,,,,,,,,,,,,,,
,,,,,,,,,,,,,,
,,,,,,,,,,,,,,
,,,,,,,,,,,,,,
,,,,,,,,,,,,,,
,,,,,,,,,,,,,,
,,,,,,,,,,,,,,
,,,,,,,,,,,,,,
,,,,,,,,,,,,,,
,,,,,,,,,,,,,,
,,,,,,,,,,,,,,
,,,,,,,,,,,,,,
,,,,,,,,,,,,,,
,,,,,,,,,,,,,,
,,,,,,,,,,,,,,
,,,,,,,,,,,,,,
,,,,,,,,,,,,,,
,,,,,,,,,,,,,,
,,,,,,,,,,,,,,
,,,,,,,,,,,,,,
,,,,,,,,,,,,,,
,,,,,,,,,,,,,,
,,,,,,,,,,,,,,
,,,,,,,,,,,,,,
,,,,,,,,,,,,,,
,,,,,,,,,,,,,,
,,,,,,,,,,,,,,
,,,,,,,,,,,,,,
,,,,,,,,,,,,,,
,,,,,,,,,,,,,,
,,,,,,,,,,,,,,
,,,,,,,,,,,,,,
,,,,,,,,,,,,,,
,,,,,,,,,,,,,,
,,,,,,,,,,,,,,
,,,,,,,,,,,,,,
,,,,,,,,,,,,,,
,,,,,,,,,,,,,,
,,,,,,,,,,,,,,
,,,,,,,,,,,,,,
,,,,,,,,,,,,,,
,,,,,,,,,,,,,,
,,,,,,,,,,,,,,
,,,,,,,,,,,,,,
,,,,,,,,,,,,,,
,,,,,,,,,,,,,,
,,,,,,,,,,,,,,
,,,,,,,,,,,,,,
,,,,,,,,,,,,,,
,,,,,,,,,,,,,,
,,,,,,,,,,,,,,
,,,,,,,,,,,,,,
,,,,,,,,,,,,,,
,,,,,,,,,,,,,,
,,,,,,,,,,,,,,
,,,,,,,,,,,,,,
,,,,,,,,,,,,,,
,,,,,,,,,,,,,,
,,,,,,,,,,,,,,
,,,,,,,,,,,,,,
,,,,,,,,,,,,,,
,,,,,,,,,,,,,,
,,,,,,,,,,,,,,
,,,,,,,,,,,,,,
,,,,,,,,,,,,,,
,,,,,,,,,,,,,,
,,,,,,,,,,,,,,
,,,,,,,,,,,,,,
,,,,,,,,,,,,,,
,,,,,,,,,,,,,,
,,,,,,,,,,,,,,
,,,,,,,,,,,,,,
,,,,,,,,,,,,,,
,,,,,,,,,,,,,,
,,,,,,,,,,,,,,
,,,,,,,,,,,,,,
,,,,,,,,,,,,,,
,,,,,,,,,,,,,,
,,,,,,,,,,,,,,
,,,,,,,,,,,,,,
,,,,,,,,,,,,,,
,,,,,,,,,,,,,,
,,,,,,,,,,,,,,
,,,,,,,,,,,,,,
,,,,,,,,,,,,,,
,,,,,,,,,,,,,,
,,,,,,,,,,,,,,
,,,,,,,,,,,,,,
,,,,,,,,,,,,,,
,,,,,,,,,,,,,,
,,,,,,,,,,,,,,
,,,,,,,,,,,,,,
,,,,,,,,,,,,,,
,,,,,,,,,,,,,,
,,,,,,,,,,,,,,
,,,,,,,,,,,,,,
,,,,,,,,,,,,,,
,,,,,,,,,,,,,,
,,,,,,,,,,,,,,
,,,,,,,,,,,,,,
,,,,,,,,,,,,,,
,,,,,,,,,,,,,,
,,,,,,,,,,,,,,
,,,,,,,,,,,,,,
,,,,,,,,,,,,,,
,,,,,,,,,,,,,,
,,,,,,,,,,,,,,
,,,,,,,,,,,,,,
,,,,,,,,,,,,,,
,,,,,,,,,,,,,,
,,,,,,,,,,,,,,
,,,,,,,,,,,,,,
,,,,,,,,,,,,,,
,,,,,,,,,,,,,,
,,,,,,,,,,,,,,
,,,,,,,,,,,,,,
,,,,,,,,,,,,,,
,,,,,,,,,,,,,,
,,,,,,,,,,,,,,
,,,,,,,,,,,,,,
,,,,,,,,,,,,,,
,,,,,,,,,,,,,,
,,,,,,,,,,,,,,
,,,,,,,,,,,,,,
,,,,,,,,,,,,,,
,,,,,,,,,,,,,,
,,,,,,,,,,,,,,
,,,,,,,,,,,,,,
,,,,,,,,,,,,,,
,,,,,,,,,,,,,,
,,,,,,,,,,,,,,
,,,,,,,,,,,,,,
,,,,,,,,,,,,,,
,,,,,,,,,,,,,,
,,,,,,,,,,,,,,
,,,,,,,,,,,,,,
,,,,,,,,,,,,,,
,,,,,,,,,,,,,,
,,,,,,,,,,,,,,
,,,,,,,,,,,,,,
,,,,,,,,,,,,,,
,,,,,,,,,,,,,,
,,,,,,,,,,,,,,
,,,,,,,,,,,,,,
,,,,,,,,,,,,,,
,,,,,,,,,,,,,,
,,,,,,,,,,,,,,
,,,,,,,,,,,,,,
,,,,,,,,,,,,,,
,,,,,,,,,,,,,,
,,,,,,,,,,,,,,
,,,,,,,,,,,,,,
,,,,,,,,,,,,,,
,,,,,,,,,,,,,,
,,,,,,,,,,,,,,
,,,,,,,,,,,,,,
,,,,,,,,,,,,,,
,,,,,,,,,,,,,,
,,,,,,,,,,,,,,
,,,,,,,,,,,,,,
,,,,,,,,,,,,,,
,,,,,,,,,,,,,,
,,,,,,,,,,,,,,
,,,,,,,,,,,,,,
,,,,,,,,,,,,,,
,,,,,,,,,,,,,,
,,,,,,,,,,,,,,
,,,,,,,,,,,,,,
,,,,,,,,,,,,,,
,,,,,,,,,,,,,,
,,,,,,,,,,,,,,
,,,,,,,,,,,,,,
,,,,,,,,,,,,,,
,,,,,,,,,,,,,,
,,,,,,,,,,,,,,
,,,,,,,,,,,,,,
,,,,,,,,,,,,,,
,,,,,,,,,,,,,,
,,,,,,,,,,,,,,
,,,,,,,,,,,,,,
,,,,,,,,,,,,,,
,,,,,,,,,,,,,,
,,,,,,,,,,,,,,
,,,,,,,,,,,,,,
,,,,,,,,,,,,,,
,,,,,,,,,,,,,,
,,,,,,,,,,,,,,
,,,,,,,,,,,,,,
,,,,,,,,,,,,,,
,,,,,,,,,,,,,,
,,,,,,,,,,,,,,
,,,,,,,,,,,,,,
,,,,,,,,,,,,,,
,,,,,,,,,,,,,,
,,,,,,,,,,,,,,
,,,,,,,,,,,,,,
,,,,,,,,,,,,,,
,,,,,,,,,,,,,,
,,,,,,,,,,,,,,
,,,,,,,,,,,,,,
,,,,,,,,,,,,,,
,,,,,,,,,,,,,,
,,,,,,,,,,,,,,
,,,,,,,,,,,,,,
,,,,,,,,,,,,,,
,,,,,,,,,,,,,,
,,,,,,,,,,,,,,
,,,,,,,,,,,,,,
,,,,,,,,,,,,,,
,,,,,,,,,,,,,,
,,,,,,,,,,,,,,
,,,,,,,,,,,,,,
,,,,,,,,,,,,,,
,,,,,,,,,,,,,,
,,,,,,,,,,,,,,
,,,,,,,,,,,,,,
,,,,,,,,,,,,,,
,,,,,,,,,,,,,,
,,,,,,,,,,,,,,
,,,,,,,,,,,,,,
,,,,,,,,,,,,,,
,,,,,,,,,,,,,,
,,,,,,,,,,,,,,
,,,,,,,,,,,,,,
,,,,,,,,,,,,,,
,,,,,,,,,,,,,,
,,,,,,,,,,,,,,
,,,,,,,,,,,,,,
,,,,,,,,,,,,,,
,,,,,,,,,,,,,,
,,,,,,,,,,,,,,
,,,,,,,,,,,,,,
,,,,,,,,,,,,,,
,,,,,,,,,,,,,,
,,,,,,,,,,,,,,
,,,,,,,,,,,,,,
,,,,,,,,,,,,,,
,,,,,,,,,,,,,,
,,,,,,,,,,,,,,
,,,,,,,,,,,,,,
,,,,,,,,,,,,,,
,,,,,,,,,,,,,,
,,,,,,,,,,,,,,
,,,,,,,,,,,,,,
,,,,,,,,,,,,,,
,,,,,,,,,,,,,,
,,,,,,,,,,,,,,
,,,,,,,,,,,,,,
,,,,,,,,,,,,,,
,,,,,,,,,,,,,,
,,,,,,,,,,,,,,
,,,,,,,,,,,,,,
,,,,,,,,,,,,,,
,,,,,,,,,,,,,,
,,,,,,,,,,,,,,
,,,,,,,,,,,,,,
,,,,,,,,,,,,,,
,,,,,,,,,,,,,,
,,,,,,,,,,,,,,
,,,,,,,,,,,,,,
,,,,,,,,,,,,,,
,,,,,,,,,,,,,,
,,,,,,,,,,,,,,
,,,,,,,,,,,,,,
,,,,,,,,,,,,,,
,,,,,,,,,,,,,,
,,,,,,,,,,,,,,
,,,,,,,,,,,,,,
,,,,,,,,,,,,,,
,,,,,,,,,,,,,,
,,,,,,,,,,,,,,
,,,,,,,,,,,,,,
,,,,,,,,,,,,,,
,,,,,,,,,,,,,,
,,,,,,,,,,,,,,
,,,,,,,,,,,,,,
,,,,,,,,,,,,,,
,,,,,,,,,,,,,,
,,,,,,,,,,,,,,
,,,,,,,,,,,,,,
,,,,,,,,,,,,,,
,,,,,,,,,,,,,,
,,,,,,,,,,,,,,
,,,,,,,,,,,,,,
,,,,,,,,,,,,,,
,,,,,,,,,,,,,,
,,,,,,,,,,,,,,
,,,,,,,,,,,,,,
,,,,,,,,,,,,,,
,,,,,,,,,,,,,,
,,,,,,,,,,,,,,
,,,,,,,,,,,,,,
,,,,,,,,,,,,,,
,,,,,,,,,,,,,,
